paper_id_1,paper_id_2
https://openalex.org/W4396629279,https://openalex.org/W3195176717
https://openalex.org/W4396629279,https://openalex.org/W4286203437
https://openalex.org/W4396629279,https://openalex.org/W4310528218
https://openalex.org/W4396629279,https://openalex.org/W4312067237
https://openalex.org/W4396629279,https://openalex.org/W4378174724
https://openalex.org/W4396629279,https://openalex.org/W4385839365
https://openalex.org/W4396629279,https://openalex.org/W4387998499
https://openalex.org/W4396629279,https://openalex.org/W4389078010
https://openalex.org/W4306931941,https://openalex.org/W4291536270
https://openalex.org/W4414122248,https://openalex.org/W4309570498
https://openalex.org/W4414122248,https://openalex.org/W4380344694
https://openalex.org/W3209885285,https://openalex.org/W3132432384
https://openalex.org/W4403665680,https://openalex.org/W3126369185
https://openalex.org/W4403665680,https://openalex.org/W3183110125
https://openalex.org/W4403665680,https://openalex.org/W4220812318
https://openalex.org/W4403665680,https://openalex.org/W4307985194
https://openalex.org/W4403665680,https://openalex.org/W4402988473
https://openalex.org/W4297806298,https://openalex.org/W4309925988
https://openalex.org/W7140518942,https://openalex.org/W4200435752
https://openalex.org/W4402141336,https://openalex.org/W4391306175
https://openalex.org/W4406971035,https://openalex.org/W4205111263
https://openalex.org/W4406971035,https://openalex.org/W4283208926
https://openalex.org/W4406971035,https://openalex.org/W4382725747
https://openalex.org/W3174562978,https://openalex.org/W3120784776
https://openalex.org/W3174562978,https://openalex.org/W3125392042
https://openalex.org/W4396925792,https://openalex.org/W3134628532
https://openalex.org/W4396925792,https://openalex.org/W4281385534
https://openalex.org/W4401748815,https://openalex.org/W3041629860
https://openalex.org/W3210846295,https://openalex.org/W3210846295
https://openalex.org/W7134855979,https://openalex.org/W4398779286
https://openalex.org/W3145928236,https://openalex.org/W3130782880
https://openalex.org/W4399485326,https://openalex.org/W3214927936
https://openalex.org/W4399485326,https://openalex.org/W4386159486
https://openalex.org/W4399485326,https://openalex.org/W4386160259
https://openalex.org/W4402559310,https://openalex.org/W4289836612
https://openalex.org/W4402559310,https://openalex.org/W4321167283
https://openalex.org/W4402559310,https://openalex.org/W4372194226
https://openalex.org/W4402559310,https://openalex.org/W4385850463
https://openalex.org/W4397005437,https://openalex.org/W4205511979
https://openalex.org/W4397005437,https://openalex.org/W4313475740
https://openalex.org/W4414471728,https://openalex.org/W3121026993
https://openalex.org/W4414471728,https://openalex.org/W3194709117
https://openalex.org/W4414471728,https://openalex.org/W4281951565
https://openalex.org/W4414471728,https://openalex.org/W4402330653
https://openalex.org/W4414471728,https://openalex.org/W4409781551
https://openalex.org/W4400882022,https://openalex.org/W4361018828
https://openalex.org/W7115064654,https://openalex.org/W4403597013
https://openalex.org/W7115064654,https://openalex.org/W4406288367
https://openalex.org/W7115064654,https://openalex.org/W4410038996
https://openalex.org/W4392817764,https://openalex.org/W4221150016
https://openalex.org/W4392817764,https://openalex.org/W4297996839
https://openalex.org/W7125921741,https://openalex.org/W4200019424
https://openalex.org/W7125921741,https://openalex.org/W4383821957
https://openalex.org/W7125921741,https://openalex.org/W4400457965
https://openalex.org/W7125921741,https://openalex.org/W4405468169
https://openalex.org/W4221094327,https://openalex.org/W3172074467
https://openalex.org/W4221161545,https://openalex.org/W3131624221
https://openalex.org/W4205989410,https://openalex.org/W3125086289
https://openalex.org/W4387900153,https://openalex.org/W4280548475
https://openalex.org/W4387900153,https://openalex.org/W4313366978
https://openalex.org/W4416770182,https://openalex.org/W4390239762
https://openalex.org/W4416770182,https://openalex.org/W4396955521
https://openalex.org/W4404803367,https://openalex.org/W4223541099
https://openalex.org/W4404803367,https://openalex.org/W4392123423
https://openalex.org/W4414052982,https://openalex.org/W4250801952
https://openalex.org/W7140164179,https://openalex.org/W4289518974
https://openalex.org/W7140164179,https://openalex.org/W4322733975
https://openalex.org/W7140164179,https://openalex.org/W4387264835
https://openalex.org/W4312181039,https://openalex.org/W4226087386
https://openalex.org/W4210652309,https://openalex.org/W4210333879
https://openalex.org/W4390509356,https://openalex.org/W3181006543
https://openalex.org/W4391921845,https://openalex.org/W4323063638
https://openalex.org/W4383998170,https://openalex.org/W3216666167
https://openalex.org/W4407183232,https://openalex.org/W4220833800
https://openalex.org/W7201950997,https://openalex.org/W7133227283
https://openalex.org/W7168256164,https://openalex.org/W3133844370
https://openalex.org/W7168256164,https://openalex.org/W4380201731
https://openalex.org/W4395691028,https://openalex.org/W3217807122
https://openalex.org/W4385761553,https://openalex.org/W4366981143
https://openalex.org/W4402591530,https://openalex.org/W4224292523
https://openalex.org/W3160985427,https://openalex.org/W3160985427
https://openalex.org/W7147874955,https://openalex.org/W4410451354
https://openalex.org/W4394581265,https://openalex.org/W4399534328
https://openalex.org/W4394581265,https://openalex.org/W4399535118
https://openalex.org/W4394581265,https://openalex.org/W4399535322
https://openalex.org/W4394581265,https://openalex.org/W4399535331
https://openalex.org/W4394581265,https://openalex.org/W4399535373
https://openalex.org/W4319869866,https://openalex.org/W4200547680
https://openalex.org/W4319869866,https://openalex.org/W4280502509
https://openalex.org/W4319869866,https://openalex.org/W4286632145
https://openalex.org/W4319869866,https://openalex.org/W4294795722
https://openalex.org/W4319869866,https://openalex.org/W4304693526
https://openalex.org/W3175701282,https://openalex.org/W3119402276
https://openalex.org/W3175701282,https://openalex.org/W3194150229
https://openalex.org/W4387671652,https://openalex.org/W3129426031
https://openalex.org/W4387671652,https://openalex.org/W4284699798
https://openalex.org/W4281768415,https://openalex.org/W3211383864
https://openalex.org/W4281768415,https://openalex.org/W4393754080
https://openalex.org/W4382539202,https://openalex.org/W3118259108
https://openalex.org/W4400450647,https://openalex.org/W4280537299
https://openalex.org/W4306317693,https://openalex.org/W3178666498
https://openalex.org/W4306317693,https://openalex.org/W3210084272
https://openalex.org/W4306317693,https://openalex.org/W4226373550
https://openalex.org/W4361806401,https://openalex.org/W4226343154
https://openalex.org/W7160404906,https://openalex.org/W3161010337
https://openalex.org/W7160404906,https://openalex.org/W4387812519
https://openalex.org/W7160404906,https://openalex.org/W4390025301
https://openalex.org/W7160404906,https://openalex.org/W4403118622
https://openalex.org/W7160404906,https://openalex.org/W4411102042
https://openalex.org/W7160404906,https://openalex.org/W7130573477
https://openalex.org/W4384823954,https://openalex.org/W3163388480
https://openalex.org/W4387516115,https://openalex.org/W4378172903
https://openalex.org/W4387516115,https://openalex.org/W4378173074
https://openalex.org/W4415938611,https://openalex.org/W3212259792
https://openalex.org/W4415938611,https://openalex.org/W4280510729
https://openalex.org/W4415938611,https://openalex.org/W4388631061
https://openalex.org/W4415938611,https://openalex.org/W4411668507
https://openalex.org/W4225680457,https://openalex.org/W3166835521
https://openalex.org/W4378363413,https://openalex.org/W4313577893
https://openalex.org/W4404416696,https://openalex.org/W4389133845
https://openalex.org/W4404416696,https://openalex.org/W4399782262
https://openalex.org/W4383621757,https://openalex.org/W4206021274
https://openalex.org/W4383621757,https://openalex.org/W4294585355
https://openalex.org/W4290852323,https://openalex.org/W3132490795
https://openalex.org/W4290852323,https://openalex.org/W3157093756
https://openalex.org/W4389138174,https://openalex.org/W4280498124
https://openalex.org/W4389138174,https://openalex.org/W4310291355
https://openalex.org/W4389138174,https://openalex.org/W4316505894
https://openalex.org/W7196962836,https://openalex.org/W4313324161
https://openalex.org/W4410455785,https://openalex.org/W4398160111
https://openalex.org/W4410455785,https://openalex.org/W4399431963
https://openalex.org/W4394905311,https://openalex.org/W2963002078
https://openalex.org/W4394905311,https://openalex.org/W3085837059
https://openalex.org/W4394905311,https://openalex.org/W3139319730
https://openalex.org/W4394905311,https://openalex.org/W3200145371
https://openalex.org/W4394905311,https://openalex.org/W3214847695
https://openalex.org/W4394905311,https://openalex.org/W4212866884
https://openalex.org/W4394905311,https://openalex.org/W4283803434
https://openalex.org/W4394905311,https://openalex.org/W4384299739
https://openalex.org/W4285104508,https://openalex.org/W3185740305
https://openalex.org/W7165733280,https://openalex.org/W4293032727
https://openalex.org/W7165733280,https://openalex.org/W4399863200
https://openalex.org/W7165733280,https://openalex.org/W4410961040
https://openalex.org/W4401858468,https://openalex.org/W3174934579
https://openalex.org/W4401858468,https://openalex.org/W4205725188
https://openalex.org/W4401858468,https://openalex.org/W4401724551
https://openalex.org/W7165003882,https://openalex.org/W4412373288
https://openalex.org/W4416947600,https://openalex.org/W3130566328
https://openalex.org/W4416947600,https://openalex.org/W4210310905
https://openalex.org/W4416947600,https://openalex.org/W4292454820
https://openalex.org/W4416947600,https://openalex.org/W4391109490
https://openalex.org/W4416947600,https://openalex.org/W4408755497
https://openalex.org/W4416947600,https://openalex.org/W4411917985
https://openalex.org/W7129019421,https://openalex.org/W4286664746
https://openalex.org/W7129019421,https://openalex.org/W4401073942
https://openalex.org/W4412792229,https://openalex.org/W4293224316
https://openalex.org/W4411548113,https://openalex.org/W4312090027
https://openalex.org/W4411548113,https://openalex.org/W4387199899
https://openalex.org/W4411548113,https://openalex.org/W4387968801
https://openalex.org/W4411548113,https://openalex.org/W4388033873
https://openalex.org/W4411548113,https://openalex.org/W4388763050
https://openalex.org/W4411548113,https://openalex.org/W4391401290
https://openalex.org/W4411548113,https://openalex.org/W4391431615
https://openalex.org/W4411548113,https://openalex.org/W4400654892
https://openalex.org/W4411548113,https://openalex.org/W4407371331
https://openalex.org/W7138904268,https://openalex.org/W4409670203
https://openalex.org/W7160321017,https://openalex.org/W3193975469
https://openalex.org/W4317779826,https://openalex.org/W4291536270
https://openalex.org/W4317779826,https://openalex.org/W4306931941
https://openalex.org/W7170326012,https://openalex.org/W4200127516
https://openalex.org/W7170326012,https://openalex.org/W4205511979
https://openalex.org/W7170326012,https://openalex.org/W4313475740
https://openalex.org/W7170326012,https://openalex.org/W4384626746
https://openalex.org/W7170326012,https://openalex.org/W4387357183
https://openalex.org/W7170326012,https://openalex.org/W4405886174
https://openalex.org/W7170326012,https://openalex.org/W4414609147
https://openalex.org/W4306246979,https://openalex.org/W3210040080
https://openalex.org/W4388655113,https://openalex.org/W3160239434
https://openalex.org/W4205930461,https://openalex.org/W3126665462
https://openalex.org/W4205930461,https://openalex.org/W3136533732
https://openalex.org/W4205930461,https://openalex.org/W3153769838
https://openalex.org/W4205930461,https://openalex.org/W3194936931
https://openalex.org/W4205930461,https://openalex.org/W3195176717
https://openalex.org/W4205930461,https://openalex.org/W4243447653
https://openalex.org/W4205930461,https://openalex.org/W4285732530
https://openalex.org/W4410390476,https://openalex.org/W3159491787
https://openalex.org/W4206782728,https://openalex.org/W3126074238
https://openalex.org/W7165136956,https://openalex.org/W4286434081
https://openalex.org/W4408447499,https://openalex.org/W4385505243
https://openalex.org/W7169766497,https://openalex.org/W4394905311
https://openalex.org/W7169766497,https://openalex.org/W4401211033
https://openalex.org/W7168025688,https://openalex.org/W4393183862
https://openalex.org/W7168025688,https://openalex.org/W4407357370
https://openalex.org/W7168025688,https://openalex.org/W4410040007
https://openalex.org/W7168025688,https://openalex.org/W4414210246
https://openalex.org/W7168025688,https://openalex.org/W4414944965
https://openalex.org/W7168025688,https://openalex.org/W7167095944
https://openalex.org/W7168025688,https://openalex.org/W7168014927
https://openalex.org/W4381736892,https://openalex.org/W4310781132
https://openalex.org/W7170553693,https://openalex.org/W4378471167
https://openalex.org/W7170553693,https://openalex.org/W4410606341
https://openalex.org/W4411898914,https://openalex.org/W4205745693
https://openalex.org/W4411898914,https://openalex.org/W4394886740
https://openalex.org/W4411898914,https://openalex.org/W4398251557
https://openalex.org/W4404674501,https://openalex.org/W4225556556
https://openalex.org/W4404674501,https://openalex.org/W4225710869
https://openalex.org/W4387953077,https://openalex.org/W3140242705
https://openalex.org/W4387953077,https://openalex.org/W3167316166
https://openalex.org/W4387953077,https://openalex.org/W4311001167
https://openalex.org/W4387953077,https://openalex.org/W4383821957
https://openalex.org/W4306178647,https://openalex.org/W4284880289
https://openalex.org/W4306178647,https://openalex.org/W4306178410
https://openalex.org/W4408884599,https://openalex.org/W3173000904
https://openalex.org/W4408884599,https://openalex.org/W4224241728
https://openalex.org/W4408884599,https://openalex.org/W4224306587
https://openalex.org/W4408884599,https://openalex.org/W4385264584
https://openalex.org/W4408884599,https://openalex.org/W4385898289
https://openalex.org/W4408884599,https://openalex.org/W4394753245
https://openalex.org/W3194924568,https://openalex.org/W3179569397
https://openalex.org/W7207826115,https://openalex.org/W7141217559
https://openalex.org/W4361005804,https://openalex.org/W3136431815
https://openalex.org/W4361005804,https://openalex.org/W3157037438
https://openalex.org/W4361005804,https://openalex.org/W4220666760
https://openalex.org/W4361005804,https://openalex.org/W4313473074
https://openalex.org/W4417138346,https://openalex.org/W4410572338
https://openalex.org/W4417138346,https://openalex.org/W4415495038
https://openalex.org/W4416583451,https://openalex.org/W4401211033
https://openalex.org/W4416583451,https://openalex.org/W4394905311
https://openalex.org/W4409986055,https://openalex.org/W4281552736
https://openalex.org/W4409986055,https://openalex.org/W4285047193
https://openalex.org/W4414804777,https://openalex.org/W4321504344
https://openalex.org/W4311288749,https://openalex.org/W3193204642
https://openalex.org/W4400929699,https://openalex.org/W3131592423
https://openalex.org/W4414311992,https://openalex.org/W4283459025
https://openalex.org/W7124148665,https://openalex.org/W4405088654
https://openalex.org/W7118546941,https://openalex.org/W3130715910
https://openalex.org/W7118546941,https://openalex.org/W4401211033
https://openalex.org/W7118546941,https://openalex.org/W4415007801
https://openalex.org/W4391759783,https://openalex.org/W4221140302
https://openalex.org/W4391759783,https://openalex.org/W4312219141
https://openalex.org/W4391759783,https://openalex.org/W4361029949
https://openalex.org/W4391759783,https://openalex.org/W4367282060
https://openalex.org/W4391759783,https://openalex.org/W4378843082
https://openalex.org/W4391759783,https://openalex.org/W4386260189
https://openalex.org/W4391759783,https://openalex.org/W4390416451
https://openalex.org/W4412758863,https://openalex.org/W4282921167
https://openalex.org/W4412758863,https://openalex.org/W4294597614
https://openalex.org/W4412758863,https://openalex.org/W4296162974
https://openalex.org/W4412758863,https://openalex.org/W4313643908
https://openalex.org/W4412758863,https://openalex.org/W4388044656
https://openalex.org/W4412758863,https://openalex.org/W4398236966
https://openalex.org/W4412758863,https://openalex.org/W4399365886
https://openalex.org/W4412758863,https://openalex.org/W4403718040
https://openalex.org/W4412758863,https://openalex.org/W4405698013
https://openalex.org/W4412758863,https://openalex.org/W4411177763
https://openalex.org/W4389254215,https://openalex.org/W4393169842
https://openalex.org/W4405245040,https://openalex.org/W3158142687
https://openalex.org/W4405245040,https://openalex.org/W3203091614
https://openalex.org/W4405245040,https://openalex.org/W4205862000
https://openalex.org/W4405245040,https://openalex.org/W4292212658
https://openalex.org/W4405245040,https://openalex.org/W4378977225
https://openalex.org/W4362458883,https://openalex.org/W3153626527
https://openalex.org/W4362458883,https://openalex.org/W4220934968
https://openalex.org/W4406968264,https://openalex.org/W3206318277
https://openalex.org/W4406968264,https://openalex.org/W4321492896
https://openalex.org/W4406968264,https://openalex.org/W4388990557
https://openalex.org/W4406968264,https://openalex.org/W4394750156
https://openalex.org/W4287889744,https://openalex.org/W3174765922
https://openalex.org/W3112237800,https://openalex.org/W3023375590
https://openalex.org/W4411662306,https://openalex.org/W3183210997
https://openalex.org/W4411662306,https://openalex.org/W4385294870
https://openalex.org/W4411662306,https://openalex.org/W4385620152
https://openalex.org/W4306253112,https://openalex.org/W4212822110
https://openalex.org/W3200352208,https://openalex.org/W3190663391
https://openalex.org/W4414621297,https://openalex.org/W4288047534
https://openalex.org/W4408978657,https://openalex.org/W4364366670
https://openalex.org/W4408978657,https://openalex.org/W4393383512
https://openalex.org/W4413716367,https://openalex.org/W4408903481
https://openalex.org/W4413716367,https://openalex.org/W4411491659
https://openalex.org/W4367046445,https://openalex.org/W4225899427
https://openalex.org/W4392132469,https://openalex.org/W3215226957
https://openalex.org/W4392132469,https://openalex.org/W4306834479
https://openalex.org/W4402581319,https://openalex.org/W4291011190
https://openalex.org/W3170027968,https://openalex.org/W3165052511
https://openalex.org/W4221101137,https://openalex.org/W3133042336
https://openalex.org/W4221101137,https://openalex.org/W3157728046
https://openalex.org/W4221101137,https://openalex.org/W4214861448
https://openalex.org/W4220924807,https://openalex.org/W3101571101
https://openalex.org/W4220924807,https://openalex.org/W3178960719
https://openalex.org/W4415508192,https://openalex.org/W3168354198
https://openalex.org/W4225571916,https://openalex.org/W3198005760
https://openalex.org/W4225571916,https://openalex.org/W4225571916
https://openalex.org/W4400060722,https://openalex.org/W4388901350
https://openalex.org/W4289835801,https://openalex.org/W4387966698
https://openalex.org/W4415721393,https://openalex.org/W4394905311
https://openalex.org/W4407371331,https://openalex.org/W4312090027
https://openalex.org/W4407371331,https://openalex.org/W4387199899
https://openalex.org/W4407371331,https://openalex.org/W4387364067
https://openalex.org/W4407371331,https://openalex.org/W4387968801
https://openalex.org/W4407371331,https://openalex.org/W4388763050
https://openalex.org/W4407371331,https://openalex.org/W4391431615
https://openalex.org/W4407371331,https://openalex.org/W4391474836
https://openalex.org/W4407371331,https://openalex.org/W4401335746
https://openalex.org/W4414216868,https://openalex.org/W3209490248
https://openalex.org/W4414216868,https://openalex.org/W4232789351
https://openalex.org/W4414216868,https://openalex.org/W4287730306
https://openalex.org/W4414216868,https://openalex.org/W4392111346
https://openalex.org/W4414216868,https://openalex.org/W4399748946
https://openalex.org/W4408055233,https://openalex.org/W4297109637
https://openalex.org/W4408055233,https://openalex.org/W4384931599
https://openalex.org/W4408055233,https://openalex.org/W4391988510
https://openalex.org/W4408055233,https://openalex.org/W4404378610
https://openalex.org/W4407898530,https://openalex.org/W4293577309
https://openalex.org/W4407898530,https://openalex.org/W4386438687
https://openalex.org/W4407898530,https://openalex.org/W4407898530
https://openalex.org/W7170094109,https://openalex.org/W4288036372
https://openalex.org/W7170094109,https://openalex.org/W4392451418
https://openalex.org/W7170094109,https://openalex.org/W4400099204
https://openalex.org/W7170094109,https://openalex.org/W4400204817
https://openalex.org/W4409204526,https://openalex.org/W4220830056
https://openalex.org/W4409204526,https://openalex.org/W4308620314
https://openalex.org/W4409204526,https://openalex.org/W4392198947
https://openalex.org/W3158262586,https://openalex.org/W3157140118
https://openalex.org/W4317437173,https://openalex.org/W3126558737
https://openalex.org/W4317437173,https://openalex.org/W3200836850
https://openalex.org/W4317437173,https://openalex.org/W4200084548
https://openalex.org/W4404305501,https://openalex.org/W4220864360
https://openalex.org/W4404305501,https://openalex.org/W4303021939
https://openalex.org/W4404305501,https://openalex.org/W4312157401
https://openalex.org/W4404305501,https://openalex.org/W4323294709
https://openalex.org/W7155185437,https://openalex.org/W4413461556
https://openalex.org/W4381857155,https://openalex.org/W4281633800
https://openalex.org/W4381857155,https://openalex.org/W4317840280
https://openalex.org/W4408164676,https://openalex.org/W4400606092
https://openalex.org/W4226022480,https://openalex.org/W3088611318
https://openalex.org/W4226022480,https://openalex.org/W4238150452
https://openalex.org/W4395014915,https://openalex.org/W4393659821
https://openalex.org/W4404790179,https://openalex.org/W4308489280
https://openalex.org/W4404790179,https://openalex.org/W4399203667
https://openalex.org/W4410591514,https://openalex.org/W4283821043
https://openalex.org/W4410591514,https://openalex.org/W4388409062
https://openalex.org/W4391576012,https://openalex.org/W4375947464
https://openalex.org/W4288047534,https://openalex.org/W4210736625
https://openalex.org/W4416701465,https://openalex.org/W4398188972
https://openalex.org/W4416701465,https://openalex.org/W4400079752
https://openalex.org/W3193492363,https://openalex.org/W3170991167
https://openalex.org/W7161158000,https://openalex.org/W3214627820
https://openalex.org/W7161158000,https://openalex.org/W4210355398
https://openalex.org/W7161158000,https://openalex.org/W4317545559
https://openalex.org/W7161158000,https://openalex.org/W4390442154
https://openalex.org/W7161158000,https://openalex.org/W4402595702
https://openalex.org/W7161158000,https://openalex.org/W4412036633
https://openalex.org/W4386228810,https://openalex.org/W4323357870
https://openalex.org/W4414307781,https://openalex.org/W4404538886
https://openalex.org/W4381245581,https://openalex.org/W2963002078
https://openalex.org/W4381245581,https://openalex.org/W3120525098
https://openalex.org/W4381245581,https://openalex.org/W3195942414
https://openalex.org/W4381245581,https://openalex.org/W3200054614
https://openalex.org/W4381245581,https://openalex.org/W4285596458
https://openalex.org/W4381245581,https://openalex.org/W4312108281
https://openalex.org/W4381245581,https://openalex.org/W4319726866
https://openalex.org/W4381245581,https://openalex.org/W4362552239
https://openalex.org/W4283015625,https://openalex.org/W3138990775
https://openalex.org/W4283015625,https://openalex.org/W3198335193
https://openalex.org/W4283015625,https://openalex.org/W3215226957
https://openalex.org/W4402625831,https://openalex.org/W4366977908
https://openalex.org/W4387410045,https://openalex.org/W3180308285
https://openalex.org/W4200563456,https://openalex.org/W3121026993
https://openalex.org/W4200563456,https://openalex.org/W3124543059
https://openalex.org/W4200563456,https://openalex.org/W3194709117
https://openalex.org/W4280653647,https://openalex.org/W3189763979
https://openalex.org/W4280653647,https://openalex.org/W4210588971
https://openalex.org/W4211023830,https://openalex.org/W3012690826
https://openalex.org/W4412611598,https://openalex.org/W3127013726
https://openalex.org/W4388035568,https://openalex.org/W3119224404
https://openalex.org/W4391780617,https://openalex.org/W3158868556
https://openalex.org/W4410628515,https://openalex.org/W4406213960
https://openalex.org/W4400406761,https://openalex.org/W3136961763
https://openalex.org/W4405755896,https://openalex.org/W4313680195
https://openalex.org/W4405755896,https://openalex.org/W4388108488
https://openalex.org/W4405755896,https://openalex.org/W4391095014
https://openalex.org/W4405755896,https://openalex.org/W4393183862
https://openalex.org/W4396914897,https://openalex.org/W4225317503
https://openalex.org/W4401510353,https://openalex.org/W3206812573
https://openalex.org/W4401510353,https://openalex.org/W4380885712
https://openalex.org/W4401510353,https://openalex.org/W4401688682
https://openalex.org/W3190055090,https://openalex.org/W3131392783
https://openalex.org/W4289260804,https://openalex.org/W4200089368
https://openalex.org/W4289260804,https://openalex.org/W4226317960
https://openalex.org/W4417397489,https://openalex.org/W4200399792
https://openalex.org/W4417397489,https://openalex.org/W4408128525
https://openalex.org/W4399532476,https://openalex.org/W3159961903
https://openalex.org/W4399532476,https://openalex.org/W4366814467
https://openalex.org/W4399532476,https://openalex.org/W4367598665
https://openalex.org/W7204024591,https://openalex.org/W4293224316
https://openalex.org/W4405830668,https://openalex.org/W3154461191
https://openalex.org/W4405830668,https://openalex.org/W3178664441
https://openalex.org/W4405830668,https://openalex.org/W4223970269
https://openalex.org/W4405830668,https://openalex.org/W4282928318
https://openalex.org/W4405830668,https://openalex.org/W4304758149
https://openalex.org/W4405830668,https://openalex.org/W4322754421
https://openalex.org/W4405830668,https://openalex.org/W4377233679
https://openalex.org/W4405830668,https://openalex.org/W4387663455
https://openalex.org/W4405830668,https://openalex.org/W4393407726
https://openalex.org/W4390416467,https://openalex.org/W3184943791
https://openalex.org/W4390416467,https://openalex.org/W4221140302
https://openalex.org/W4390416467,https://openalex.org/W4310521337
https://openalex.org/W4390416467,https://openalex.org/W4367282060
https://openalex.org/W4390416467,https://openalex.org/W4378843082
https://openalex.org/W4390416467,https://openalex.org/W4386260189
https://openalex.org/W4390416467,https://openalex.org/W4386260274
https://openalex.org/W4416187092,https://openalex.org/W4304996631
https://openalex.org/W3209582879,https://openalex.org/W3122059388
https://openalex.org/W3209582879,https://openalex.org/W3163769242
https://openalex.org/W3209582879,https://openalex.org/W3192903008
https://openalex.org/W3209582879,https://openalex.org/W4206974933
https://openalex.org/W3202910493,https://openalex.org/W3148055866
https://openalex.org/W3136751965,https://openalex.org/W3128034204
https://openalex.org/W3171157404,https://openalex.org/W3171157404
https://openalex.org/W4295444213,https://openalex.org/W4283526014
https://openalex.org/W4402346637,https://openalex.org/W4284893902
https://openalex.org/W4402346637,https://openalex.org/W4391444457
https://openalex.org/W4313244926,https://openalex.org/W3143807503
https://openalex.org/W4313244926,https://openalex.org/W4286471083
https://openalex.org/W4403584956,https://openalex.org/W4280577216
https://openalex.org/W4403584956,https://openalex.org/W4320710304
https://openalex.org/W4414358808,https://openalex.org/W4282973403
https://openalex.org/W4414358808,https://openalex.org/W4414358808
https://openalex.org/W7161821968,https://openalex.org/W4411353399
https://openalex.org/W7164412883,https://openalex.org/W4382930914
https://openalex.org/W7164412883,https://openalex.org/W4384642581
https://openalex.org/W7164412883,https://openalex.org/W4388901350
https://openalex.org/W7164412883,https://openalex.org/W4396921301
https://openalex.org/W4312219349,https://openalex.org/W4225713766
https://openalex.org/W4312219349,https://openalex.org/W4226033020
https://openalex.org/W4391328607,https://openalex.org/W3120143721
https://openalex.org/W4391328607,https://openalex.org/W3184809739
https://openalex.org/W4391328607,https://openalex.org/W4206629192
https://openalex.org/W4391328607,https://openalex.org/W4379877368
https://openalex.org/W3178101468,https://openalex.org/W3128034204
https://openalex.org/W4414292736,https://openalex.org/W4285900226
https://openalex.org/W4414292736,https://openalex.org/W4296349594
https://openalex.org/W4404435960,https://openalex.org/W4281662817
https://openalex.org/W4402410547,https://openalex.org/W3124543059
https://openalex.org/W4402410547,https://openalex.org/W4200563456
https://openalex.org/W4402410547,https://openalex.org/W4281951565
https://openalex.org/W4402410547,https://openalex.org/W4380729415
https://openalex.org/W4402410547,https://openalex.org/W4402330653
https://openalex.org/W4388651039,https://openalex.org/W3168316121
https://openalex.org/W4388651039,https://openalex.org/W4400174220
https://openalex.org/W3193788762,https://openalex.org/W3162490422
https://openalex.org/W3205113550,https://openalex.org/W3133917447
https://openalex.org/W4403437921,https://openalex.org/W3205277336
https://openalex.org/W4403437921,https://openalex.org/W4362671543
https://openalex.org/W4403437921,https://openalex.org/W4362728327
https://openalex.org/W4396898886,https://openalex.org/W3173241814
https://openalex.org/W4414258587,https://openalex.org/W3013345219
https://openalex.org/W4414258587,https://openalex.org/W3099581372
https://openalex.org/W4414258587,https://openalex.org/W3140674682
https://openalex.org/W4414258587,https://openalex.org/W3172194426
https://openalex.org/W4414258587,https://openalex.org/W3211138370
https://openalex.org/W4414258587,https://openalex.org/W4319729410
https://openalex.org/W4414258587,https://openalex.org/W4319730355
https://openalex.org/W4414258587,https://openalex.org/W4322491964
https://openalex.org/W4414258587,https://openalex.org/W4385802926
https://openalex.org/W4414258587,https://openalex.org/W4388694194
https://openalex.org/W4414258587,https://openalex.org/W4399488953
https://openalex.org/W4414258587,https://openalex.org/W4399800000
https://openalex.org/W4398231374,https://openalex.org/W3146398046
https://openalex.org/W4398231374,https://openalex.org/W4289174183
https://openalex.org/W4398231374,https://openalex.org/W4386198630
https://openalex.org/W4226377635,https://openalex.org/W3179812603
https://openalex.org/W4226377635,https://openalex.org/W4200353399
https://openalex.org/W4387866329,https://openalex.org/W4327899805
https://openalex.org/W4394874438,https://openalex.org/W4296343728
https://openalex.org/W4394874438,https://openalex.org/W4386287045
https://openalex.org/W3199590358,https://openalex.org/W3199590358
https://openalex.org/W4404308120,https://openalex.org/W4321108088
https://openalex.org/W4285134662,https://openalex.org/W3215514755
https://openalex.org/W7129387143,https://openalex.org/W4401858468
https://openalex.org/W7129387143,https://openalex.org/W4416201832
https://openalex.org/W4321097797,https://openalex.org/W4286697925
https://openalex.org/W4321097797,https://openalex.org/W4288060393
https://openalex.org/W4225388874,https://openalex.org/W3128374559
https://openalex.org/W4407247392,https://openalex.org/W3126074238
https://openalex.org/W4407247392,https://openalex.org/W4286493284
https://openalex.org/W4407247392,https://openalex.org/W4381613090
https://openalex.org/W4404366218,https://openalex.org/W4403701322
https://openalex.org/W4409482211,https://openalex.org/W3211422942
https://openalex.org/W4414790205,https://openalex.org/W4220875866
https://openalex.org/W4414790205,https://openalex.org/W4403529786
https://openalex.org/W4280516769,https://openalex.org/W3200683982
https://openalex.org/W4402462924,https://openalex.org/W4200141076
https://openalex.org/W4402462924,https://openalex.org/W4220746953
https://openalex.org/W4402462924,https://openalex.org/W4294031233
https://openalex.org/W4402462924,https://openalex.org/W4382344315
https://openalex.org/W4405649601,https://openalex.org/W3187753002
https://openalex.org/W4405649601,https://openalex.org/W4393943873
https://openalex.org/W7124747242,https://openalex.org/W4406277833
https://openalex.org/W7124747242,https://openalex.org/W4409482849
https://openalex.org/W4404414074,https://openalex.org/W4226343154
https://openalex.org/W4404414074,https://openalex.org/W4389305498
https://openalex.org/W4404414074,https://openalex.org/W4391310682
https://openalex.org/W7170058399,https://openalex.org/W4361217902
https://openalex.org/W4320710304,https://openalex.org/W4280577216
https://openalex.org/W4390416441,https://openalex.org/W3163106017
https://openalex.org/W4390416441,https://openalex.org/W3175051200
https://openalex.org/W4390416441,https://openalex.org/W3200683982
https://openalex.org/W4220863096,https://openalex.org/W3188446399
https://openalex.org/W4220863096,https://openalex.org/W4223992310
https://openalex.org/W4399985820,https://openalex.org/W3134424702
https://openalex.org/W4399985820,https://openalex.org/W4368356183
https://openalex.org/W4399985820,https://openalex.org/W4386691780
https://openalex.org/W4399985820,https://openalex.org/W4389040535
https://openalex.org/W4392637049,https://openalex.org/W4210644160
https://openalex.org/W4312589922,https://openalex.org/W4367627324
https://openalex.org/W4316037804,https://openalex.org/W3126737939
https://openalex.org/W4395112848,https://openalex.org/W2989993629
https://openalex.org/W7168805783,https://openalex.org/W4285385679
https://openalex.org/W7168805783,https://openalex.org/W4410911204
https://openalex.org/W7168805783,https://openalex.org/W7125976487
https://openalex.org/W4386858521,https://openalex.org/W3179791530
https://openalex.org/W4386858521,https://openalex.org/W4384155194
https://openalex.org/W4414338775,https://openalex.org/W4206371996
https://openalex.org/W4414338775,https://openalex.org/W4226373550
https://openalex.org/W4414338775,https://openalex.org/W4306317693
https://openalex.org/W4414338775,https://openalex.org/W4406203512
https://openalex.org/W4414338775,https://openalex.org/W4413038060
https://openalex.org/W3169530204,https://openalex.org/W3129711800
https://openalex.org/W3169530204,https://openalex.org/W3164962350
https://openalex.org/W4400607878,https://openalex.org/W4297990224
https://openalex.org/W3125762071,https://openalex.org/W3125762071
https://openalex.org/W3125762071,https://openalex.org/W4287524113
https://openalex.org/W4412796604,https://openalex.org/W3119320253
https://openalex.org/W4412796604,https://openalex.org/W3133234490
https://openalex.org/W4412796604,https://openalex.org/W3212380987
https://openalex.org/W4386532159,https://openalex.org/W3213657016
https://openalex.org/W4386532159,https://openalex.org/W4297237783
https://openalex.org/W4404873188,https://openalex.org/W4380423014
https://openalex.org/W4386874315,https://openalex.org/W4378953690
https://openalex.org/W7157646503,https://openalex.org/W3164432620
https://openalex.org/W7157646503,https://openalex.org/W4319791622
https://openalex.org/W3207710992,https://openalex.org/W3084641928
https://openalex.org/W4391471010,https://openalex.org/W3181719595
https://openalex.org/W4410404342,https://openalex.org/W4360604263
https://openalex.org/W4410890100,https://openalex.org/W4368356183
https://openalex.org/W4410890100,https://openalex.org/W4399985820
https://openalex.org/W3136970984,https://openalex.org/W3157214414
https://openalex.org/W4387845284,https://openalex.org/W3136224075
https://openalex.org/W4387845284,https://openalex.org/W3208145391
https://openalex.org/W4387845284,https://openalex.org/W4210910026
https://openalex.org/W4402660475,https://openalex.org/W4388414460
https://openalex.org/W4385072008,https://openalex.org/W4286470629
https://openalex.org/W4405857140,https://openalex.org/W4321767953
https://openalex.org/W4405857140,https://openalex.org/W4387860017
https://openalex.org/W4400657715,https://openalex.org/W3135923298
https://openalex.org/W7128822406,https://openalex.org/W4407681380
https://openalex.org/W4294307667,https://openalex.org/W4281752619
https://openalex.org/W4200397457,https://openalex.org/W3165052511
https://openalex.org/W4281296328,https://openalex.org/W3151263068
https://openalex.org/W4281296328,https://openalex.org/W3185261144
https://openalex.org/W4313877581,https://openalex.org/W3181403995
https://openalex.org/W4300961415,https://openalex.org/W3191420927
https://openalex.org/W4399365886,https://openalex.org/W4294597614
https://openalex.org/W4399365886,https://openalex.org/W4296162974
https://openalex.org/W4399365886,https://openalex.org/W4313643908
https://openalex.org/W4399365886,https://openalex.org/W4362553981
https://openalex.org/W4399365886,https://openalex.org/W4378445990
https://openalex.org/W4414774101,https://openalex.org/W3210691099
https://openalex.org/W4414774101,https://openalex.org/W4200337629
https://openalex.org/W4404223503,https://openalex.org/W3101571101
https://openalex.org/W4404223503,https://openalex.org/W3112618968
https://openalex.org/W4404223503,https://openalex.org/W3178960719
https://openalex.org/W4404223503,https://openalex.org/W4401211033
https://openalex.org/W4309149440,https://openalex.org/W3157621000
https://openalex.org/W7125829462,https://openalex.org/W4402890943
https://openalex.org/W7125829462,https://openalex.org/W4409455278
https://openalex.org/W7125829462,https://openalex.org/W4416951697
https://openalex.org/W4415542287,https://openalex.org/W3203260454
https://openalex.org/W4415542287,https://openalex.org/W4205737363
https://openalex.org/W4415542287,https://openalex.org/W4210804024
https://openalex.org/W4415542287,https://openalex.org/W4286491651
https://openalex.org/W4415542287,https://openalex.org/W4391992391
https://openalex.org/W4394878570,https://openalex.org/W4311344523
https://openalex.org/W4394878570,https://openalex.org/W4385987280
https://openalex.org/W4388978046,https://openalex.org/W3213030435
https://openalex.org/W4385662308,https://openalex.org/W4306252531
https://openalex.org/W3172436430,https://openalex.org/W3133968203
https://openalex.org/W4399855228,https://openalex.org/W4385638969
https://openalex.org/W4415026948,https://openalex.org/W4393407726
https://openalex.org/W4318815882,https://openalex.org/W3152494665
https://openalex.org/W7126043654,https://openalex.org/W4388421252
https://openalex.org/W4402788431,https://openalex.org/W3120937515
https://openalex.org/W4402788431,https://openalex.org/W4362662670
https://openalex.org/W4417186281,https://openalex.org/W4388942497
https://openalex.org/W4408799551,https://openalex.org/W4388694194
https://openalex.org/W4214897292,https://openalex.org/W3135747102
https://openalex.org/W4214897292,https://openalex.org/W3161325180
https://openalex.org/W4205493984,https://openalex.org/W3120692788
https://openalex.org/W4205493984,https://openalex.org/W3135083166
https://openalex.org/W4389664693,https://openalex.org/W3178124326
https://openalex.org/W4389664693,https://openalex.org/W3190663391
https://openalex.org/W4389664693,https://openalex.org/W3197473341
https://openalex.org/W4389664693,https://openalex.org/W3199261654
https://openalex.org/W4389664693,https://openalex.org/W4381617718
https://openalex.org/W7131376326,https://openalex.org/W4405941268
https://openalex.org/W4399901610,https://openalex.org/W4313649880
https://openalex.org/W4388444581,https://openalex.org/W3094991086
https://openalex.org/W4388444581,https://openalex.org/W3184927986
https://openalex.org/W4388444581,https://openalex.org/W4200437223
https://openalex.org/W4293580379,https://openalex.org/W3119288284
https://openalex.org/W7115721332,https://openalex.org/W4412828102
https://openalex.org/W4414479934,https://openalex.org/W3119224404
https://openalex.org/W4414479934,https://openalex.org/W4366590513
https://openalex.org/W4414479934,https://openalex.org/W4386890650
https://openalex.org/W4414479934,https://openalex.org/W4388035568
https://openalex.org/W4401053490,https://openalex.org/W4295800149
https://openalex.org/W4401053490,https://openalex.org/W4366292783
https://openalex.org/W4401053490,https://openalex.org/W4391026758
https://openalex.org/W4401053490,https://openalex.org/W4394754131
https://openalex.org/W4401053490,https://openalex.org/W4398777118
https://openalex.org/W4285044624,https://openalex.org/W3177751482
https://openalex.org/W7106155202,https://openalex.org/W4313554681
https://openalex.org/W7106155202,https://openalex.org/W4387742424
https://openalex.org/W7106155202,https://openalex.org/W4400386660
https://openalex.org/W7106155202,https://openalex.org/W4403756919
https://openalex.org/W7106155202,https://openalex.org/W4404480178
https://openalex.org/W4417527527,https://openalex.org/W3132699603
https://openalex.org/W4417527527,https://openalex.org/W4221019370
https://openalex.org/W4417527527,https://openalex.org/W4226322736
https://openalex.org/W4417527527,https://openalex.org/W4318264080
https://openalex.org/W4417527527,https://openalex.org/W4318681155
https://openalex.org/W4316013419,https://openalex.org/W3126680560
https://openalex.org/W4316013419,https://openalex.org/W3128130707
https://openalex.org/W4406799269,https://openalex.org/W2963002078
https://openalex.org/W4406799269,https://openalex.org/W3101571101
https://openalex.org/W4406799269,https://openalex.org/W3178960719
https://openalex.org/W4406799269,https://openalex.org/W4221083962
https://openalex.org/W4406799269,https://openalex.org/W4311322561
https://openalex.org/W4417115655,https://openalex.org/W4213126820
https://openalex.org/W4417115655,https://openalex.org/W4214887011
https://openalex.org/W4417115655,https://openalex.org/W4306174501
https://openalex.org/W4417115655,https://openalex.org/W4391849290
https://openalex.org/W4417115655,https://openalex.org/W4402642234
https://openalex.org/W4411984066,https://openalex.org/W3204641766
https://openalex.org/W4411984066,https://openalex.org/W4391774702
https://openalex.org/W4386072274,https://openalex.org/W4313511901
https://openalex.org/W4386072274,https://openalex.org/W4315698902
https://openalex.org/W4386072274,https://openalex.org/W4366250294
https://openalex.org/W4386072274,https://openalex.org/W4366259393
https://openalex.org/W4386072274,https://openalex.org/W4384158231
https://openalex.org/W4386072274,https://openalex.org/W4386082959
https://openalex.org/W4417497630,https://openalex.org/W4210612849
https://openalex.org/W4417497630,https://openalex.org/W4398775162
https://openalex.org/W3146246868,https://openalex.org/W2966129118
https://openalex.org/W3146246868,https://openalex.org/W3207058083
https://openalex.org/W4378716498,https://openalex.org/W4311871533
https://openalex.org/W4378716498,https://openalex.org/W4323842700
https://openalex.org/W4375860927,https://openalex.org/W4293258354
https://openalex.org/W3191420927,https://openalex.org/W2990187828
https://openalex.org/W4322733975,https://openalex.org/W3127676697
https://openalex.org/W4322733975,https://openalex.org/W3127802927
https://openalex.org/W4322733975,https://openalex.org/W3134195618
https://openalex.org/W4322733975,https://openalex.org/W3215253602
https://openalex.org/W4322733975,https://openalex.org/W4213195340
https://openalex.org/W4322733975,https://openalex.org/W4281767172
https://openalex.org/W4401381016,https://openalex.org/W3135434353
https://openalex.org/W4401381016,https://openalex.org/W4300724969
https://openalex.org/W4401381016,https://openalex.org/W4301180901
https://openalex.org/W4401381016,https://openalex.org/W4319443245
https://openalex.org/W4401381016,https://openalex.org/W4387728681
https://openalex.org/W4414419820,https://openalex.org/W4411343511
https://openalex.org/W4414419820,https://openalex.org/W4412158240
https://openalex.org/W4212866884,https://openalex.org/W3044436878
https://openalex.org/W4212866884,https://openalex.org/W3112618968
https://openalex.org/W4212866884,https://openalex.org/W3139319730
https://openalex.org/W4212866884,https://openalex.org/W3178960719
https://openalex.org/W3199411865,https://openalex.org/W3179856022
https://openalex.org/W4408100186,https://openalex.org/W3120784776
https://openalex.org/W4408100186,https://openalex.org/W3194052897
https://openalex.org/W4408100186,https://openalex.org/W4312645560
https://openalex.org/W4408100186,https://openalex.org/W4313518310
https://openalex.org/W4408100186,https://openalex.org/W4361853982
https://openalex.org/W4408100186,https://openalex.org/W4379259674
https://openalex.org/W4408100186,https://openalex.org/W4385453616
https://openalex.org/W4408100186,https://openalex.org/W4386159341
https://openalex.org/W4408100186,https://openalex.org/W4401211655
https://openalex.org/W4408100186,https://openalex.org/W4402686870
https://openalex.org/W4414527482,https://openalex.org/W3130566328
https://openalex.org/W4414527482,https://openalex.org/W4210310905
https://openalex.org/W4414527482,https://openalex.org/W4283737889
https://openalex.org/W4414527482,https://openalex.org/W4285802808
https://openalex.org/W4414527482,https://openalex.org/W4399857505
https://openalex.org/W4391591629,https://openalex.org/W4390889423
https://openalex.org/W4372054953,https://openalex.org/W4200303272
https://openalex.org/W3212712910,https://openalex.org/W3118817942
https://openalex.org/W3193079297,https://openalex.org/W3133877412
https://openalex.org/W7134896468,https://openalex.org/W4210585152
https://openalex.org/W7134896468,https://openalex.org/W4377101750
https://openalex.org/W7134896468,https://openalex.org/W4399804170
https://openalex.org/W7134896468,https://openalex.org/W4403594473
https://openalex.org/W7134896468,https://openalex.org/W4410364351
https://openalex.org/W7134896468,https://openalex.org/W4411289164
https://openalex.org/W7134896468,https://openalex.org/W4414838696
https://openalex.org/W7134896468,https://openalex.org/W7118075828
https://openalex.org/W7134896468,https://openalex.org/W7125511727
https://openalex.org/W4408746075,https://openalex.org/W4366423648
https://openalex.org/W4408746075,https://openalex.org/W4383913182
https://openalex.org/W4408746075,https://openalex.org/W4387823409
https://openalex.org/W4408458087,https://openalex.org/W3168036092
https://openalex.org/W4408458087,https://openalex.org/W4392119719
https://openalex.org/W4389033814,https://openalex.org/W3202641720
https://openalex.org/W4389033814,https://openalex.org/W4200070608
https://openalex.org/W4404729831,https://openalex.org/W4221019059
https://openalex.org/W7118780177,https://openalex.org/W4388705780
https://openalex.org/W7118780177,https://openalex.org/W4405041052
https://openalex.org/W3157214414,https://openalex.org/W3134514053
https://openalex.org/W3166528026,https://openalex.org/W3037521280
https://openalex.org/W4401768304,https://openalex.org/W4392385407
https://openalex.org/W4414383080,https://openalex.org/W4394905311
https://openalex.org/W4385702977,https://openalex.org/W3203064667
https://openalex.org/W7164999223,https://openalex.org/W4401120719
https://openalex.org/W7162104695,https://openalex.org/W4205320102
https://openalex.org/W7162104695,https://openalex.org/W4386691057
https://openalex.org/W4207059806,https://openalex.org/W4210275647
https://openalex.org/W4389205804,https://openalex.org/W4367301194
https://openalex.org/W4388300805,https://openalex.org/W4206580096
https://openalex.org/W4400238221,https://openalex.org/W4389951724
https://openalex.org/W4388721090,https://openalex.org/W4285217068
https://openalex.org/W4388721090,https://openalex.org/W4286620286
https://openalex.org/W4205247486,https://openalex.org/W4393498444
https://openalex.org/W4415007801,https://openalex.org/W3112618968
https://openalex.org/W4415007801,https://openalex.org/W4394905311
https://openalex.org/W4415007801,https://openalex.org/W4401211033
https://openalex.org/W4210355398,https://openalex.org/W3121055660
https://openalex.org/W4385914308,https://openalex.org/W4285794562
https://openalex.org/W7163672928,https://openalex.org/W3134195618
https://openalex.org/W7163672928,https://openalex.org/W3177664440
https://openalex.org/W7163672928,https://openalex.org/W4401158292
https://openalex.org/W7163672928,https://openalex.org/W7118457148
https://openalex.org/W4416252923,https://openalex.org/W3135123986
https://openalex.org/W4416252923,https://openalex.org/W4298126387
https://openalex.org/W4416252923,https://openalex.org/W4412792229
https://openalex.org/W7163515438,https://openalex.org/W4402686454
https://openalex.org/W7163515438,https://openalex.org/W4407411931
https://openalex.org/W7163515438,https://openalex.org/W4410502120
https://openalex.org/W7163515438,https://openalex.org/W7125902725
https://openalex.org/W7163515438,https://openalex.org/W7128160513
https://openalex.org/W4393385233,https://openalex.org/W3126627207
https://openalex.org/W4393385233,https://openalex.org/W3134314150
https://openalex.org/W4393385233,https://openalex.org/W4283793747
https://openalex.org/W4393385233,https://openalex.org/W4367044528
https://openalex.org/W4410539238,https://openalex.org/W4319297685
https://openalex.org/W4415140784,https://openalex.org/W4362683489
https://openalex.org/W7161603038,https://openalex.org/W3166296073
https://openalex.org/W7161603038,https://openalex.org/W4285294075
https://openalex.org/W7161603038,https://openalex.org/W4293581991
https://openalex.org/W7161603038,https://openalex.org/W4385291677
https://openalex.org/W7161603038,https://openalex.org/W4402755344
https://openalex.org/W4408310217,https://openalex.org/W3214627820
https://openalex.org/W4408310217,https://openalex.org/W4407631269
https://openalex.org/W4410596790,https://openalex.org/W4406715464
https://openalex.org/W4410596790,https://openalex.org/W4408812568
https://openalex.org/W4410596790,https://openalex.org/W4410189281
https://openalex.org/W7164760210,https://openalex.org/W4415357352
https://openalex.org/W4392353857,https://openalex.org/W3198783871
https://openalex.org/W4410038996,https://openalex.org/W4391145469
https://openalex.org/W4410038996,https://openalex.org/W4406288367
https://openalex.org/W4401249060,https://openalex.org/W4389749993
https://openalex.org/W4410806622,https://openalex.org/W4362664951
https://openalex.org/W4392619673,https://openalex.org/W3138005350
https://openalex.org/W4392619673,https://openalex.org/W4308565209
https://openalex.org/W4393997732,https://openalex.org/W3167739453
https://openalex.org/W4393997732,https://openalex.org/W4318539318
https://openalex.org/W4393997732,https://openalex.org/W4386438687
https://openalex.org/W4393997732,https://openalex.org/W4388729182
https://openalex.org/W4396244289,https://openalex.org/W2963002078
https://openalex.org/W4396244289,https://openalex.org/W3112618968
https://openalex.org/W4396244289,https://openalex.org/W3178960719
https://openalex.org/W4406083447,https://openalex.org/W3129711800
https://openalex.org/W4406083447,https://openalex.org/W3175629170
https://openalex.org/W4406083447,https://openalex.org/W3184968032
https://openalex.org/W4406083447,https://openalex.org/W3198360237
https://openalex.org/W4406083447,https://openalex.org/W3200021964
https://openalex.org/W4406083447,https://openalex.org/W4210275647
https://openalex.org/W4406083447,https://openalex.org/W4283580247
https://openalex.org/W4406083447,https://openalex.org/W4294864632
https://openalex.org/W4406083447,https://openalex.org/W4307125471
https://openalex.org/W4406083447,https://openalex.org/W4388826009
https://openalex.org/W4414168399,https://openalex.org/W3187751888
https://openalex.org/W4414168399,https://openalex.org/W4390748143
https://openalex.org/W4319293662,https://openalex.org/W3126150405
https://openalex.org/W4319293662,https://openalex.org/W3167088720
https://openalex.org/W4319293662,https://openalex.org/W4214879128
https://openalex.org/W4319293662,https://openalex.org/W4220702467
https://openalex.org/W4402170856,https://openalex.org/W4399934501
https://openalex.org/W4366596352,https://openalex.org/W3205473929
https://openalex.org/W4406267224,https://openalex.org/W4323544889
https://openalex.org/W4406267224,https://openalex.org/W4396600998
https://openalex.org/W4411935133,https://openalex.org/W4366423648
https://openalex.org/W7154696150,https://openalex.org/W4408688278
https://openalex.org/W4399535373,https://openalex.org/W4289522688
https://openalex.org/W4212986795,https://openalex.org/W3178960719
https://openalex.org/W4385349323,https://openalex.org/W2797547379
https://openalex.org/W4385349323,https://openalex.org/W3207372427
https://openalex.org/W7167726122,https://openalex.org/W3200021964
https://openalex.org/W7167726122,https://openalex.org/W4224871336
https://openalex.org/W7167726122,https://openalex.org/W4307125471
https://openalex.org/W7167726122,https://openalex.org/W4366352829
https://openalex.org/W7167726122,https://openalex.org/W4386485017
https://openalex.org/W7167726122,https://openalex.org/W4388018939
https://openalex.org/W7167726122,https://openalex.org/W4390245576
https://openalex.org/W7167726122,https://openalex.org/W4403253117
https://openalex.org/W7167726122,https://openalex.org/W4415063416
https://openalex.org/W7167726122,https://openalex.org/W4415679532
https://openalex.org/W7167726122,https://openalex.org/W4417524637
https://openalex.org/W4200468535,https://openalex.org/W4318264092
https://openalex.org/W4328049125,https://openalex.org/W3164530835
https://openalex.org/W4417472049,https://openalex.org/W3130329582
https://openalex.org/W4415991820,https://openalex.org/W4403597013
https://openalex.org/W4415991820,https://openalex.org/W4406288367
https://openalex.org/W7164898947,https://openalex.org/W4386448662
https://openalex.org/W3127051021,https://openalex.org/W3127051021
https://openalex.org/W4405841322,https://openalex.org/W3178648211
https://openalex.org/W4405841322,https://openalex.org/W3204802810
https://openalex.org/W4405841322,https://openalex.org/W4281395656
https://openalex.org/W4405841322,https://openalex.org/W4297541878
https://openalex.org/W4405841322,https://openalex.org/W4367047746
https://openalex.org/W7123350084,https://openalex.org/W4408593510
https://openalex.org/W4400980286,https://openalex.org/W4400980286
https://openalex.org/W4411112565,https://openalex.org/W3126627207
https://openalex.org/W4411112565,https://openalex.org/W3134314150
https://openalex.org/W4411112565,https://openalex.org/W3147055522
https://openalex.org/W4411112565,https://openalex.org/W4281671840
https://openalex.org/W4411112565,https://openalex.org/W4283793747
https://openalex.org/W4411112565,https://openalex.org/W4312094454
https://openalex.org/W4411112565,https://openalex.org/W4321350407
https://openalex.org/W4411112565,https://openalex.org/W4366134155
https://openalex.org/W4411112565,https://openalex.org/W4384945012
https://openalex.org/W4411112565,https://openalex.org/W4393356213
https://openalex.org/W4411112565,https://openalex.org/W4393385233
https://openalex.org/W4387770884,https://openalex.org/W4206182295
https://openalex.org/W4387770884,https://openalex.org/W4365139304
https://openalex.org/W4387770884,https://openalex.org/W4381890014
https://openalex.org/W4285210594,https://openalex.org/W4211044355
https://openalex.org/W4317500703,https://openalex.org/W3178960719
https://openalex.org/W4317500703,https://openalex.org/W4220924807
https://openalex.org/W4407835777,https://openalex.org/W4390542248
https://openalex.org/W4400942876,https://openalex.org/W3157037438
https://openalex.org/W4400942876,https://openalex.org/W4313473074
https://openalex.org/W4400942876,https://openalex.org/W4323270109
https://openalex.org/W4400942876,https://openalex.org/W4361005804
https://openalex.org/W4400942876,https://openalex.org/W4387422443
https://openalex.org/W4400942876,https://openalex.org/W4404733359
https://openalex.org/W4415780515,https://openalex.org/W3207550934
https://openalex.org/W4415780515,https://openalex.org/W4382133354
https://openalex.org/W4379877504,https://openalex.org/W4210416610
https://openalex.org/W4410831317,https://openalex.org/W4403449031
https://openalex.org/W4395053413,https://openalex.org/W4390984244
https://openalex.org/W4383747281,https://openalex.org/W3181546806
https://openalex.org/W4383747281,https://openalex.org/W3202587163
https://openalex.org/W4399429065,https://openalex.org/W4282923590
https://openalex.org/W4405955224,https://openalex.org/W3134560764
https://openalex.org/W4405955224,https://openalex.org/W3178960719
https://openalex.org/W4405955224,https://openalex.org/W4401211033
https://openalex.org/W4405955224,https://openalex.org/W3112618968
https://openalex.org/W7169804654,https://openalex.org/W4281674429
https://openalex.org/W4399535118,https://openalex.org/W4399535322
https://openalex.org/W4399535118,https://openalex.org/W4399535331
https://openalex.org/W4399535118,https://openalex.org/W4399535373
https://openalex.org/W4239394971,https://openalex.org/W3156706387
https://openalex.org/W4408885078,https://openalex.org/W4293374784
https://openalex.org/W4408885078,https://openalex.org/W4405493375
https://openalex.org/W4414770726,https://openalex.org/W4318765075
https://openalex.org/W4414770726,https://openalex.org/W4377047374
https://openalex.org/W4414770726,https://openalex.org/W4377096422
https://openalex.org/W4414512315,https://openalex.org/W3174443133
https://openalex.org/W4225311200,https://openalex.org/W3101000142
https://openalex.org/W4225311200,https://openalex.org/W3112618968
https://openalex.org/W4225311200,https://openalex.org/W3217268717
https://openalex.org/W4285386256,https://openalex.org/W3123457864
https://openalex.org/W4285386256,https://openalex.org/W3129127087
https://openalex.org/W4285386256,https://openalex.org/W4206252266
https://openalex.org/W4396900131,https://openalex.org/W4306772682
https://openalex.org/W4388896258,https://openalex.org/W4206197282
https://openalex.org/W4388896258,https://openalex.org/W4226087386
https://openalex.org/W4388896258,https://openalex.org/W4312181039
https://openalex.org/W4404885616,https://openalex.org/W4388039745
https://openalex.org/W4404885616,https://openalex.org/W4393387427
https://openalex.org/W4390750536,https://openalex.org/W4200483565
https://openalex.org/W4390750536,https://openalex.org/W4297902861
https://openalex.org/W4281673332,https://openalex.org/W3184131168
https://openalex.org/W4386763797,https://openalex.org/W4386519995
https://openalex.org/W4405177541,https://openalex.org/W4387193256
https://openalex.org/W4400512533,https://openalex.org/W3205637645
https://openalex.org/W4401629989,https://openalex.org/W4366779672
https://openalex.org/W4401459550,https://openalex.org/W4293213756
https://openalex.org/W4401459550,https://openalex.org/W4307343662
https://openalex.org/W4401459550,https://openalex.org/W4322629262
https://openalex.org/W4385792689,https://openalex.org/W4309149440
https://openalex.org/W4395079024,https://openalex.org/W4395079024
https://openalex.org/W4391922549,https://openalex.org/W3200302861
https://openalex.org/W4391922549,https://openalex.org/W4214545707
https://openalex.org/W4391922549,https://openalex.org/W4284885467
https://openalex.org/W4391922549,https://openalex.org/W4313255320
https://openalex.org/W4391922549,https://openalex.org/W4353094149
https://openalex.org/W7160696127,https://openalex.org/W4224239358
https://openalex.org/W7160696127,https://openalex.org/W4287958790
https://openalex.org/W7160696127,https://openalex.org/W4292794441
https://openalex.org/W7160696127,https://openalex.org/W4409355380
https://openalex.org/W7151296690,https://openalex.org/W7125638807
https://openalex.org/W4308174634,https://openalex.org/W3203428752
https://openalex.org/W4308174634,https://openalex.org/W3208334722
https://openalex.org/W4308174634,https://openalex.org/W4282821604
https://openalex.org/W4308174634,https://openalex.org/W4379107271
https://openalex.org/W4412846357,https://openalex.org/W4403608144
https://openalex.org/W4401458358,https://openalex.org/W4385241764
https://openalex.org/W4391428948,https://openalex.org/W4391428948
https://openalex.org/W4376108389,https://openalex.org/W3126192021
https://openalex.org/W4376108389,https://openalex.org/W3205927750
https://openalex.org/W4376108389,https://openalex.org/W4226142962
https://openalex.org/W4376108389,https://openalex.org/W4283034406
https://openalex.org/W4376108389,https://openalex.org/W4312090027
https://openalex.org/W4395481429,https://openalex.org/W3183720281
https://openalex.org/W4403334815,https://openalex.org/W4205210911
https://openalex.org/W4388826009,https://openalex.org/W3126770590
https://openalex.org/W4388826009,https://openalex.org/W3197136278
https://openalex.org/W4388826009,https://openalex.org/W4306158354
https://openalex.org/W4388826009,https://openalex.org/W4307125471
https://openalex.org/W4388826009,https://openalex.org/W4385522476
https://openalex.org/W4284885467,https://openalex.org/W3187441665
https://openalex.org/W4284885467,https://openalex.org/W3200302861
https://openalex.org/W4412188376,https://openalex.org/W4311434604
https://openalex.org/W4412188376,https://openalex.org/W4391776229
https://openalex.org/W4312846862,https://openalex.org/W3136783532
https://openalex.org/W4312846862,https://openalex.org/W4224979611
https://openalex.org/W4312846862,https://openalex.org/W4252097634
https://openalex.org/W4289549903,https://openalex.org/W3147657356
https://openalex.org/W4289549903,https://openalex.org/W4210998707
https://openalex.org/W7154966149,https://openalex.org/W3168036092
https://openalex.org/W7154966149,https://openalex.org/W4321792410
https://openalex.org/W7154966149,https://openalex.org/W4386170440
https://openalex.org/W7154966149,https://openalex.org/W4406250663
https://openalex.org/W4391688511,https://openalex.org/W4283779953
https://openalex.org/W7117556869,https://openalex.org/W4413095997
https://openalex.org/W4388001636,https://openalex.org/W4200250447
https://openalex.org/W4321649583,https://openalex.org/W3210040080
https://openalex.org/W4321649583,https://openalex.org/W4366090499
https://openalex.org/W4411332449,https://openalex.org/W4391313126
https://openalex.org/W4411332449,https://openalex.org/W4394952949
https://openalex.org/W4372347705,https://openalex.org/W4225679046
https://openalex.org/W7128736941,https://openalex.org/W4377565483
https://openalex.org/W4321434587,https://openalex.org/W3192679399
https://openalex.org/W4321434587,https://openalex.org/W4321434587
https://openalex.org/W4415788882,https://openalex.org/W3203669300
https://openalex.org/W4415788882,https://openalex.org/W4214554464
https://openalex.org/W4415788882,https://openalex.org/W4224292783
https://openalex.org/W4391111350,https://openalex.org/W4225576441
https://openalex.org/W4391111350,https://openalex.org/W4391893514
https://openalex.org/W4405911594,https://openalex.org/W3187100460
https://openalex.org/W4405911594,https://openalex.org/W3189199117
https://openalex.org/W4405911594,https://openalex.org/W4210693348
https://openalex.org/W4405911594,https://openalex.org/W4312198703
https://openalex.org/W4405911594,https://openalex.org/W4390936256
https://openalex.org/W4324128870,https://openalex.org/W3159886030
https://openalex.org/W3165122038,https://openalex.org/W3118346788
https://openalex.org/W4363651595,https://openalex.org/W3133329762
https://openalex.org/W4363651595,https://openalex.org/W4214863464
https://openalex.org/W4363651595,https://openalex.org/W4313577893
https://openalex.org/W3164830100,https://openalex.org/W3123212709
https://openalex.org/W3164830100,https://openalex.org/W4239297835
https://openalex.org/W4405098087,https://openalex.org/W4367671437
https://openalex.org/W4404712968,https://openalex.org/W4378675918
https://openalex.org/W4381309868,https://openalex.org/W3136076121
https://openalex.org/W4381309868,https://openalex.org/W3164661615
https://openalex.org/W4405353141,https://openalex.org/W3138990775
https://openalex.org/W4411107261,https://openalex.org/W4296564669
https://openalex.org/W7154483113,https://openalex.org/W3136852132
https://openalex.org/W7154483113,https://openalex.org/W4402167522
https://openalex.org/W4408927548,https://openalex.org/W4321764130
https://openalex.org/W4408927548,https://openalex.org/W4405293786
https://openalex.org/W4386449012,https://openalex.org/W3143807503
https://openalex.org/W4386449012,https://openalex.org/W4386449012
https://openalex.org/W4310504304,https://openalex.org/W3172805056
https://openalex.org/W4310504304,https://openalex.org/W3186903825
https://openalex.org/W4402632028,https://openalex.org/W3129341320
https://openalex.org/W4400477576,https://openalex.org/W4311343388
https://openalex.org/W4400447652,https://openalex.org/W4205419016
https://openalex.org/W7123356234,https://openalex.org/W2963002078
https://openalex.org/W7123356234,https://openalex.org/W3204165321
https://openalex.org/W7123356234,https://openalex.org/W4223688201
https://openalex.org/W7123356234,https://openalex.org/W4386524775
https://openalex.org/W7123356234,https://openalex.org/W4401211033
https://openalex.org/W4320039140,https://openalex.org/W4288040678
https://openalex.org/W4320039140,https://openalex.org/W4308708840
https://openalex.org/W4320039140,https://openalex.org/W4320039140
https://openalex.org/W4320039140,https://openalex.org/W4384471217
https://openalex.org/W7118650446,https://openalex.org/W3177117301
https://openalex.org/W7118650446,https://openalex.org/W3180468909
https://openalex.org/W7118650446,https://openalex.org/W4405188151
https://openalex.org/W4283821043,https://openalex.org/W3135870168
https://openalex.org/W4366090499,https://openalex.org/W3210040080
https://openalex.org/W4366090499,https://openalex.org/W4321649583
https://openalex.org/W4368249377,https://openalex.org/W3119247116
https://openalex.org/W4368249377,https://openalex.org/W3194252003
https://openalex.org/W4224903182,https://openalex.org/W3112618968
https://openalex.org/W4413965034,https://openalex.org/W4313340194
https://openalex.org/W4367844043,https://openalex.org/W3110713251
https://openalex.org/W4367844043,https://openalex.org/W3210040080
https://openalex.org/W4367844043,https://openalex.org/W4206657139
https://openalex.org/W4367844043,https://openalex.org/W4220790564
https://openalex.org/W4367844043,https://openalex.org/W4285403843
https://openalex.org/W4367844043,https://openalex.org/W4304889418
https://openalex.org/W4391754907,https://openalex.org/W3156823378
https://openalex.org/W4391754907,https://openalex.org/W3217754174
https://openalex.org/W4391754907,https://openalex.org/W4200129045
https://openalex.org/W4391754907,https://openalex.org/W4313366978
https://openalex.org/W4415482237,https://openalex.org/W3167088720
https://openalex.org/W4415482237,https://openalex.org/W4214879128
https://openalex.org/W4415482237,https://openalex.org/W4287432669
https://openalex.org/W4415482237,https://openalex.org/W4353032327
https://openalex.org/W4415482237,https://openalex.org/W4388826298
https://openalex.org/W3157227195,https://openalex.org/W3159961903
https://openalex.org/W4403301757,https://openalex.org/W3136076121
https://openalex.org/W4403301757,https://openalex.org/W4385898289
https://openalex.org/W4413943405,https://openalex.org/W4393183862
https://openalex.org/W4413943405,https://openalex.org/W4400909494
https://openalex.org/W4410961040,https://openalex.org/W4293032727
https://openalex.org/W4410961040,https://openalex.org/W4399863200
https://openalex.org/W4410961040,https://openalex.org/W4404006907
https://openalex.org/W4386159140,https://openalex.org/W4285217068
https://openalex.org/W4386159140,https://openalex.org/W4286620286
https://openalex.org/W4386159140,https://openalex.org/W4312219141
https://openalex.org/W4386159140,https://openalex.org/W4361029949
https://openalex.org/W4322708082,https://openalex.org/W3183421176
https://openalex.org/W3198152929,https://openalex.org/W3112618968
https://openalex.org/W4390725253,https://openalex.org/W3122744069
https://openalex.org/W4390725253,https://openalex.org/W3127063032
https://openalex.org/W4390725253,https://openalex.org/W3134148631
https://openalex.org/W4390725253,https://openalex.org/W3185053343
https://openalex.org/W4390725253,https://openalex.org/W3198331270
https://openalex.org/W4390725253,https://openalex.org/W4283071033
https://openalex.org/W4390725253,https://openalex.org/W4288060393
https://openalex.org/W4390725253,https://openalex.org/W4289868138
https://openalex.org/W4390725253,https://openalex.org/W4293101993
https://openalex.org/W4390725253,https://openalex.org/W4310086069
https://openalex.org/W4390725253,https://openalex.org/W4311391466
https://openalex.org/W4406790484,https://openalex.org/W3122018879
https://openalex.org/W4406790484,https://openalex.org/W4401983778
https://openalex.org/W3214847695,https://openalex.org/W3120584803
https://openalex.org/W3214847695,https://openalex.org/W3178960719
https://openalex.org/W4396610491,https://openalex.org/W3206471890
https://openalex.org/W4396610491,https://openalex.org/W4313261770
https://openalex.org/W4396212755,https://openalex.org/W3214198043
https://openalex.org/W4396212755,https://openalex.org/W4301180901
https://openalex.org/W4396212755,https://openalex.org/W4319443245
https://openalex.org/W4396212755,https://openalex.org/W4387728681
https://openalex.org/W4405492845,https://openalex.org/W4405492845
https://openalex.org/W4411036215,https://openalex.org/W4392506286
https://openalex.org/W4411036215,https://openalex.org/W4408559909
https://openalex.org/W4225434060,https://openalex.org/W3112618968
https://openalex.org/W4225434060,https://openalex.org/W3131624221
https://openalex.org/W4225434060,https://openalex.org/W3178960719
https://openalex.org/W4381110663,https://openalex.org/W3122929861
https://openalex.org/W4399203991,https://openalex.org/W4391953903
https://openalex.org/W4416692500,https://openalex.org/W4386789478
https://openalex.org/W4416692500,https://openalex.org/W4407994699
https://openalex.org/W4378233842,https://openalex.org/W3121407110
https://openalex.org/W4378233842,https://openalex.org/W3155814090
https://openalex.org/W7162022071,https://openalex.org/W4214738659
https://openalex.org/W7162022071,https://openalex.org/W4221111357
https://openalex.org/W7162022071,https://openalex.org/W4282555607
https://openalex.org/W7162022071,https://openalex.org/W4286664746
https://openalex.org/W3090256502,https://openalex.org/W3194629154
https://openalex.org/W4291908609,https://openalex.org/W4220922493
https://openalex.org/W4323520910,https://openalex.org/W3205470954
https://openalex.org/W4390469197,https://openalex.org/W4383336120
https://openalex.org/W4321789225,https://openalex.org/W4210857417
https://openalex.org/W7154991313,https://openalex.org/W4206416344
https://openalex.org/W7154991313,https://openalex.org/W4319592726
https://openalex.org/W7154991313,https://openalex.org/W4389434546
https://openalex.org/W7154991313,https://openalex.org/W4401718945
https://openalex.org/W7154991313,https://openalex.org/W4406759197
https://openalex.org/W7154991313,https://openalex.org/W4407561200
https://openalex.org/W7154991313,https://openalex.org/W4409645854
https://openalex.org/W7154991313,https://openalex.org/W4411050629
https://openalex.org/W4409483561,https://openalex.org/W4281254186
https://openalex.org/W4409483561,https://openalex.org/W4372316714
https://openalex.org/W4409483561,https://openalex.org/W4407247502
https://openalex.org/W4295048098,https://openalex.org/W2990187828
https://openalex.org/W4295048098,https://openalex.org/W3122929861
https://openalex.org/W4295048098,https://openalex.org/W4200450154
https://openalex.org/W4319461532,https://openalex.org/W3173366033
https://openalex.org/W4403749283,https://openalex.org/W4391644099
https://openalex.org/W4391167610,https://openalex.org/W3136595369
https://openalex.org/W4391167610,https://openalex.org/W4281777075
https://openalex.org/W4393158113,https://openalex.org/W4385567652
https://openalex.org/W4403040850,https://openalex.org/W3208698242
https://openalex.org/W4403040850,https://openalex.org/W3208775295
https://openalex.org/W4403040850,https://openalex.org/W4200031282
https://openalex.org/W4403040850,https://openalex.org/W4205407333
https://openalex.org/W4403040850,https://openalex.org/W4220702467
https://openalex.org/W4403040850,https://openalex.org/W4226241023
https://openalex.org/W4403040850,https://openalex.org/W4293872266
https://openalex.org/W4403040850,https://openalex.org/W4389488673
https://openalex.org/W4403040850,https://openalex.org/W4399104125
https://openalex.org/W4393188344,https://openalex.org/W4322504353
https://openalex.org/W4387917611,https://openalex.org/W3122795031
https://openalex.org/W4411268702,https://openalex.org/W3194440225
https://openalex.org/W4411268702,https://openalex.org/W4392356798
https://openalex.org/W4384931599,https://openalex.org/W3134040239
https://openalex.org/W4384931599,https://openalex.org/W4297109637
https://openalex.org/W4408894274,https://openalex.org/W3204446679
https://openalex.org/W4408894274,https://openalex.org/W4225291808
https://openalex.org/W4408894274,https://openalex.org/W4402789299
https://openalex.org/W4400998255,https://openalex.org/W3118817942
https://openalex.org/W4400998255,https://openalex.org/W3129108532
https://openalex.org/W4400998255,https://openalex.org/W3181039846
https://openalex.org/W4400998255,https://openalex.org/W4200437587
https://openalex.org/W4400998255,https://openalex.org/W4294740949
https://openalex.org/W7134943230,https://openalex.org/W3130110303
https://openalex.org/W7134943230,https://openalex.org/W3213976245
https://openalex.org/W7134943230,https://openalex.org/W4388282063
https://openalex.org/W7134943230,https://openalex.org/W4389435296
https://openalex.org/W7134943230,https://openalex.org/W4409987594
https://openalex.org/W4308820101,https://openalex.org/W4309925988
https://openalex.org/W4412158240,https://openalex.org/W4309754339
https://openalex.org/W7128074351,https://openalex.org/W3208577405
https://openalex.org/W7128074351,https://openalex.org/W4220694122
https://openalex.org/W7128074351,https://openalex.org/W4282916257
https://openalex.org/W7128074351,https://openalex.org/W4386438687
https://openalex.org/W7128074351,https://openalex.org/W4415749568
https://openalex.org/W4387126718,https://openalex.org/W4226370753
https://openalex.org/W7126045498,https://openalex.org/W3119129819
https://openalex.org/W7126045498,https://openalex.org/W3190775906
https://openalex.org/W7126045498,https://openalex.org/W4388267335
https://openalex.org/W7126045498,https://openalex.org/W4390037316
https://openalex.org/W7126045498,https://openalex.org/W4412486860
https://openalex.org/W4205862000,https://openalex.org/W3131856176
https://openalex.org/W4205862000,https://openalex.org/W3203091614
https://openalex.org/W7161164784,https://openalex.org/W4376983099
https://openalex.org/W4402697132,https://openalex.org/W3155775440
https://openalex.org/W4402697132,https://openalex.org/W4280498124
https://openalex.org/W4413416656,https://openalex.org/W4311344523
https://openalex.org/W4413416656,https://openalex.org/W4381853480
https://openalex.org/W4413416656,https://openalex.org/W4385987280
https://openalex.org/W4413416656,https://openalex.org/W4394878570
https://openalex.org/W4362658299,https://openalex.org/W3136922489
https://openalex.org/W4362658299,https://openalex.org/W3178665385
https://openalex.org/W4362658299,https://openalex.org/W4205783479
https://openalex.org/W4362658299,https://openalex.org/W4210528561
https://openalex.org/W4362658299,https://openalex.org/W4281259703
https://openalex.org/W4362658299,https://openalex.org/W4304203071
https://openalex.org/W4411430032,https://openalex.org/W4405576014
https://openalex.org/W4223576380,https://openalex.org/W3160062524
https://openalex.org/W4391157062,https://openalex.org/W3155320021
https://openalex.org/W4391157062,https://openalex.org/W3198730646
https://openalex.org/W4391157062,https://openalex.org/W4205852692
https://openalex.org/W4391157062,https://openalex.org/W4319458896
https://openalex.org/W4391305913,https://openalex.org/W4312219141
https://openalex.org/W4391305913,https://openalex.org/W4386159140
https://openalex.org/W3209357231,https://openalex.org/W3198038483
https://openalex.org/W7131286638,https://openalex.org/W3186903825
https://openalex.org/W7131286638,https://openalex.org/W4320018367
https://openalex.org/W7131286638,https://openalex.org/W4367044411
https://openalex.org/W4388183508,https://openalex.org/W3125018023
https://openalex.org/W4415293897,https://openalex.org/W3110382623
https://openalex.org/W4415293897,https://openalex.org/W3214229048
https://openalex.org/W4415293897,https://openalex.org/W4309174798
https://openalex.org/W4415293897,https://openalex.org/W4311584602
https://openalex.org/W4415293897,https://openalex.org/W4379768780
https://openalex.org/W4415293897,https://openalex.org/W4387526240
https://openalex.org/W4415293897,https://openalex.org/W4401520389
https://openalex.org/W4380325081,https://openalex.org/W3119738836
https://openalex.org/W4380325081,https://openalex.org/W3147893367
https://openalex.org/W4380325081,https://openalex.org/W3177246877
https://openalex.org/W4380325081,https://openalex.org/W3194373380
https://openalex.org/W4380325081,https://openalex.org/W3197033820
https://openalex.org/W4404969085,https://openalex.org/W4394842464
https://openalex.org/W4415535464,https://openalex.org/W4400835163
https://openalex.org/W4387692978,https://openalex.org/W3174118395
https://openalex.org/W4280517019,https://openalex.org/W3179065933
https://openalex.org/W4280517019,https://openalex.org/W3198097576
https://openalex.org/W4280517019,https://openalex.org/W3214627820
https://openalex.org/W4220686403,https://openalex.org/W3126665462
https://openalex.org/W4220686403,https://openalex.org/W3136533732
https://openalex.org/W4220686403,https://openalex.org/W3153769838
https://openalex.org/W4220686403,https://openalex.org/W3194936931
https://openalex.org/W4220686403,https://openalex.org/W3195176717
https://openalex.org/W4220686403,https://openalex.org/W4226115479
https://openalex.org/W4220686403,https://openalex.org/W4243447653
https://openalex.org/W4220686403,https://openalex.org/W4285732530
https://openalex.org/W4393407726,https://openalex.org/W3154461191
https://openalex.org/W4393407726,https://openalex.org/W3178664441
https://openalex.org/W4393407726,https://openalex.org/W3193451618
https://openalex.org/W4393407726,https://openalex.org/W4223970269
https://openalex.org/W4393407726,https://openalex.org/W4362554816
https://openalex.org/W4393407726,https://openalex.org/W4377233679
https://openalex.org/W4393407726,https://openalex.org/W4388019806
https://openalex.org/W7211895166,https://openalex.org/W4322749372
https://openalex.org/W7211895166,https://openalex.org/W4401120719
https://openalex.org/W4416890321,https://openalex.org/W3112618968
https://openalex.org/W4416890321,https://openalex.org/W3131624221
https://openalex.org/W4416890321,https://openalex.org/W3139319730
https://openalex.org/W4416890321,https://openalex.org/W3165955998
https://openalex.org/W4416890321,https://openalex.org/W3178960719
https://openalex.org/W4416890321,https://openalex.org/W4283803434
https://openalex.org/W4416890321,https://openalex.org/W4306888997
https://openalex.org/W4416890321,https://openalex.org/W4385259606
https://openalex.org/W4416890321,https://openalex.org/W4385618144
https://openalex.org/W4416890321,https://openalex.org/W4385721393
https://openalex.org/W4416890321,https://openalex.org/W4387894048
https://openalex.org/W4416890321,https://openalex.org/W4390806927
https://openalex.org/W4416890321,https://openalex.org/W4394905311
https://openalex.org/W4416890321,https://openalex.org/W4410766472
https://openalex.org/W4385349270,https://openalex.org/W4385349270
https://openalex.org/W4206537553,https://openalex.org/W3126968490
https://openalex.org/W7170684487,https://openalex.org/W4283797869
https://openalex.org/W4319945831,https://openalex.org/W3127444346
https://openalex.org/W4319945831,https://openalex.org/W3214416313
https://openalex.org/W4319945831,https://openalex.org/W4206182295
https://openalex.org/W4411037250,https://openalex.org/W4389505461
https://openalex.org/W4390636650,https://openalex.org/W3137011944
https://openalex.org/W4390636650,https://openalex.org/W4306174571
https://openalex.org/W4398138066,https://openalex.org/W3126627207
https://openalex.org/W4398138066,https://openalex.org/W3134314150
https://openalex.org/W4398138066,https://openalex.org/W4281661809
https://openalex.org/W4398138066,https://openalex.org/W4283793747
https://openalex.org/W4398138066,https://openalex.org/W4298126387
https://openalex.org/W4399336463,https://openalex.org/W3140992700
https://openalex.org/W4399336463,https://openalex.org/W3189146675
https://openalex.org/W4399336463,https://openalex.org/W4226456618
https://openalex.org/W4399336463,https://openalex.org/W4389609919
https://openalex.org/W4399336463,https://openalex.org/W4390532444
https://openalex.org/W4399336463,https://openalex.org/W4391128360
https://openalex.org/W4396616724,https://openalex.org/W3135747102
https://openalex.org/W4396616724,https://openalex.org/W4290844201
https://openalex.org/W4414327250,https://openalex.org/W4400060722
https://openalex.org/W4414327250,https://openalex.org/W4407967914
https://openalex.org/W4414327250,https://openalex.org/W4408223592
https://openalex.org/W4414327250,https://openalex.org/W4410020542
https://openalex.org/W4382795026,https://openalex.org/W4288069792
https://openalex.org/W4416159415,https://openalex.org/W4398779286
https://openalex.org/W4416159415,https://openalex.org/W4402482605
https://openalex.org/W4417260188,https://openalex.org/W4313405122
https://openalex.org/W4417260188,https://openalex.org/W4402484204
https://openalex.org/W4417260188,https://openalex.org/W4413840224
https://openalex.org/W4385627657,https://openalex.org/W3172592264
https://openalex.org/W4412149303,https://openalex.org/W3126074238
https://openalex.org/W4412149303,https://openalex.org/W4223586464
https://openalex.org/W4412149303,https://openalex.org/W4402589648
https://openalex.org/W3212120589,https://openalex.org/W3023109782
https://openalex.org/W4387568612,https://openalex.org/W4220922493
https://openalex.org/W4296196475,https://openalex.org/W3183657766
https://openalex.org/W4410237404,https://openalex.org/W3140831796
https://openalex.org/W7155061355,https://openalex.org/W4408503452
https://openalex.org/W4296260653,https://openalex.org/W4296260653
https://openalex.org/W4313561307,https://openalex.org/W3164599095
https://openalex.org/W4386554441,https://openalex.org/W4313557415
https://openalex.org/W7163700997,https://openalex.org/W4385077763
https://openalex.org/W4415377030,https://openalex.org/W4395456397
https://openalex.org/W4321769131,https://openalex.org/W4285270654
https://openalex.org/W7128811171,https://openalex.org/W3136076121
https://openalex.org/W7128811171,https://openalex.org/W3164661615
https://openalex.org/W7128811171,https://openalex.org/W3173000904
https://openalex.org/W7128811171,https://openalex.org/W4200092006
https://openalex.org/W7128811171,https://openalex.org/W4224241728
https://openalex.org/W7128811171,https://openalex.org/W4385898289
https://openalex.org/W7128811171,https://openalex.org/W4394753245
https://openalex.org/W7128811171,https://openalex.org/W4403301757
https://openalex.org/W7128811171,https://openalex.org/W4411273257
https://openalex.org/W4416096338,https://openalex.org/W3110713251
https://openalex.org/W4416096338,https://openalex.org/W3189026951
https://openalex.org/W4416096338,https://openalex.org/W3210040080
https://openalex.org/W4416096338,https://openalex.org/W3215369792
https://openalex.org/W4416096338,https://openalex.org/W3215689680
https://openalex.org/W4416096338,https://openalex.org/W3217801401
https://openalex.org/W4416096338,https://openalex.org/W4220790564
https://openalex.org/W4416096338,https://openalex.org/W4288033867
https://openalex.org/W4416096338,https://openalex.org/W4294315424
https://openalex.org/W4416096338,https://openalex.org/W4306246979
https://openalex.org/W4416096338,https://openalex.org/W4310648975
https://openalex.org/W4416096338,https://openalex.org/W4322775420
https://openalex.org/W4416096338,https://openalex.org/W4323651929
https://openalex.org/W4416096338,https://openalex.org/W4366988397
https://openalex.org/W4416096338,https://openalex.org/W4367844043
https://openalex.org/W4416096338,https://openalex.org/W4385955786
https://openalex.org/W4416096338,https://openalex.org/W4387613311
https://openalex.org/W4416096338,https://openalex.org/W4389979069
https://openalex.org/W4416096338,https://openalex.org/W4391230929
https://openalex.org/W4416096338,https://openalex.org/W4392871285
https://openalex.org/W4416096338,https://openalex.org/W4395669741
https://openalex.org/W4416096338,https://openalex.org/W4404034510
https://openalex.org/W4416096338,https://openalex.org/W4409707789
https://openalex.org/W4416096338,https://openalex.org/W4410948942
https://openalex.org/W4416462314,https://openalex.org/W4399238266
https://openalex.org/W4416462314,https://openalex.org/W4402599931
https://openalex.org/W4416462314,https://openalex.org/W4403647166
https://openalex.org/W4416048619,https://openalex.org/W4413296269
https://openalex.org/W7164994932,https://openalex.org/W4317926929
https://openalex.org/W4384341059,https://openalex.org/W3133671857
https://openalex.org/W4384341059,https://openalex.org/W4206761975
https://openalex.org/W4384341059,https://openalex.org/W4372260258
https://openalex.org/W4224292783,https://openalex.org/W3203669300
https://openalex.org/W4224292783,https://openalex.org/W4214554464
https://openalex.org/W4385875837,https://openalex.org/W4385875837
https://openalex.org/W4386913404,https://openalex.org/W3200387973
https://openalex.org/W4283210983,https://openalex.org/W3122208482
https://openalex.org/W4283210983,https://openalex.org/W3149797615
https://openalex.org/W4320912375,https://openalex.org/W4284890897
https://openalex.org/W7161286085,https://openalex.org/W4376106294
https://openalex.org/W7161286085,https://openalex.org/W4402482620
https://openalex.org/W4313400145,https://openalex.org/W3172547656
https://openalex.org/W4313400145,https://openalex.org/W3183329356
https://openalex.org/W4414276072,https://openalex.org/W3133526164
https://openalex.org/W4414276072,https://openalex.org/W3194052897
https://openalex.org/W4414276072,https://openalex.org/W4210731194
https://openalex.org/W4414276072,https://openalex.org/W4293195512
https://openalex.org/W4414276072,https://openalex.org/W4312645560
https://openalex.org/W4414276072,https://openalex.org/W4379259674
https://openalex.org/W4414276072,https://openalex.org/W4385453616
https://openalex.org/W4414276072,https://openalex.org/W4391807435
https://openalex.org/W7134856464,https://openalex.org/W4411664491
https://openalex.org/W7160417186,https://openalex.org/W3196785771
https://openalex.org/W7160417186,https://openalex.org/W3214374580
https://openalex.org/W7160417186,https://openalex.org/W4281765255
https://openalex.org/W7160417186,https://openalex.org/W4283033107
https://openalex.org/W7160417186,https://openalex.org/W4362580227
https://openalex.org/W7160417186,https://openalex.org/W4407798316
https://openalex.org/W7160528569,https://openalex.org/W3211570432
https://openalex.org/W7160528569,https://openalex.org/W4399970858
https://openalex.org/W7160528569,https://openalex.org/W4400884047
https://openalex.org/W7160528569,https://openalex.org/W4413436310
https://openalex.org/W7160528569,https://openalex.org/W4415440483
https://openalex.org/W7211893151,https://openalex.org/W4323651929
https://openalex.org/W7211893151,https://openalex.org/W4386185084
https://openalex.org/W7211893151,https://openalex.org/W4391230929
https://openalex.org/W7211893151,https://openalex.org/W4391680891
https://openalex.org/W7211893151,https://openalex.org/W4396511637
https://openalex.org/W7211893151,https://openalex.org/W4404034510
https://openalex.org/W7211893151,https://openalex.org/W4415306893
https://openalex.org/W7211893151,https://openalex.org/W4415310691
https://openalex.org/W4406221574,https://openalex.org/W3158564857
https://openalex.org/W4406221574,https://openalex.org/W3176852009
https://openalex.org/W4406221574,https://openalex.org/W3213976245
https://openalex.org/W4406221574,https://openalex.org/W4391874209
https://openalex.org/W4406221574,https://openalex.org/W4392906835
https://openalex.org/W4406221574,https://openalex.org/W4401715271
https://openalex.org/W4406221574,https://openalex.org/W4405280473
https://openalex.org/W4388495106,https://openalex.org/W4280527003
https://openalex.org/W4399913545,https://openalex.org/W4200129045
https://openalex.org/W4312221754,https://openalex.org/W3127873687
https://openalex.org/W4312221754,https://openalex.org/W3179180384
https://openalex.org/W4312221754,https://openalex.org/W3182953752
https://openalex.org/W4318818247,https://openalex.org/W3189567893
https://openalex.org/W4318818247,https://openalex.org/W4294578431
https://openalex.org/W4404704060,https://openalex.org/W3118875409
https://openalex.org/W4404704060,https://openalex.org/W3193223779
https://openalex.org/W4404704060,https://openalex.org/W3203428752
https://openalex.org/W4404704060,https://openalex.org/W3214582017
https://openalex.org/W4404704060,https://openalex.org/W4220906039
https://openalex.org/W4404704060,https://openalex.org/W4225317503
https://openalex.org/W4404704060,https://openalex.org/W4283750065
https://openalex.org/W4404704060,https://openalex.org/W4292984582
https://openalex.org/W4404704060,https://openalex.org/W4296619952
https://openalex.org/W4404704060,https://openalex.org/W4308174634
https://openalex.org/W4404704060,https://openalex.org/W4311197833
https://openalex.org/W4404704060,https://openalex.org/W4311392035
https://openalex.org/W4404704060,https://openalex.org/W4313898413
https://openalex.org/W4404704060,https://openalex.org/W4318052223
https://openalex.org/W4404704060,https://openalex.org/W4376225771
https://openalex.org/W4404704060,https://openalex.org/W4379107271
https://openalex.org/W4404704060,https://openalex.org/W4396914897
https://openalex.org/W4388500936,https://openalex.org/W3146630895
https://openalex.org/W4388500936,https://openalex.org/W3197994619
https://openalex.org/W3198360237,https://openalex.org/W3129711800
https://openalex.org/W7128686658,https://openalex.org/W4320008841
https://openalex.org/W3203551309,https://openalex.org/W3148055866
https://openalex.org/W3203551309,https://openalex.org/W3202910493
https://openalex.org/W4385848462,https://openalex.org/W2963002078
https://openalex.org/W4385848462,https://openalex.org/W3203593820
https://openalex.org/W4395007110,https://openalex.org/W4387807491
https://openalex.org/W4386482561,https://openalex.org/W3194766906
https://openalex.org/W4386482561,https://openalex.org/W4212802700
https://openalex.org/W4386482561,https://openalex.org/W4378953432
https://openalex.org/W4399561145,https://openalex.org/W4378194764
https://openalex.org/W4408804059,https://openalex.org/W4394821792
https://openalex.org/W4210364767,https://openalex.org/W3126770590
https://openalex.org/W4210364767,https://openalex.org/W3135123986
https://openalex.org/W4210364767,https://openalex.org/W3197136278
https://openalex.org/W3215881020,https://openalex.org/W3178960719
https://openalex.org/W4414928171,https://openalex.org/W4224257799
https://openalex.org/W4414928171,https://openalex.org/W4283021716
https://openalex.org/W4414928171,https://openalex.org/W4320039140
https://openalex.org/W4414928171,https://openalex.org/W4384471217
https://openalex.org/W4414928171,https://openalex.org/W4401955691
https://openalex.org/W4406867737,https://openalex.org/W4404733359
https://openalex.org/W4390507522,https://openalex.org/W4281772265
https://openalex.org/W4390507522,https://openalex.org/W4286252674
https://openalex.org/W4390507522,https://openalex.org/W4286675828
https://openalex.org/W4390507522,https://openalex.org/W4289831378
https://openalex.org/W4390507522,https://openalex.org/W4381433107
https://openalex.org/W4310521337,https://openalex.org/W4221140302
https://openalex.org/W4310521337,https://openalex.org/W4280637443
https://openalex.org/W4394062219,https://openalex.org/W3137757026
https://openalex.org/W3212727942,https://openalex.org/W4212919884
https://openalex.org/W4366462651,https://openalex.org/W2963002078
https://openalex.org/W4366462651,https://openalex.org/W3090176141
https://openalex.org/W4366462651,https://openalex.org/W3178960719
https://openalex.org/W4366462651,https://openalex.org/W3179854520
https://openalex.org/W4366462651,https://openalex.org/W4200357604
https://openalex.org/W4402317496,https://openalex.org/W4214628059
https://openalex.org/W4402317496,https://openalex.org/W4318688219
https://openalex.org/W7137170108,https://openalex.org/W4415687939
https://openalex.org/W4307458582,https://openalex.org/W3124160134
https://openalex.org/W4307458582,https://openalex.org/W3138990775
https://openalex.org/W4307458582,https://openalex.org/W3198335193
https://openalex.org/W4307458582,https://openalex.org/W4282923348
https://openalex.org/W4307458582,https://openalex.org/W4283015625
https://openalex.org/W4366352222,https://openalex.org/W4220746953
https://openalex.org/W4366352222,https://openalex.org/W4225711800
https://openalex.org/W4400944154,https://openalex.org/W3085837059
https://openalex.org/W4400944154,https://openalex.org/W3112618968
https://openalex.org/W4400944154,https://openalex.org/W3178960719
https://openalex.org/W4407590185,https://openalex.org/W4200031282
https://openalex.org/W4407590185,https://openalex.org/W4205407333
https://openalex.org/W4407590185,https://openalex.org/W4400470396
https://openalex.org/W4281655558,https://openalex.org/W3122308387
https://openalex.org/W4387439353,https://openalex.org/W4385606136
https://openalex.org/W7128422630,https://openalex.org/W3112618968
https://openalex.org/W7128422630,https://openalex.org/W3131624221
https://openalex.org/W7128422630,https://openalex.org/W3178960719
https://openalex.org/W7128422630,https://openalex.org/W4394905311
https://openalex.org/W7128422630,https://openalex.org/W4401211033
https://openalex.org/W7128422630,https://openalex.org/W4408537484
https://openalex.org/W7128993081,https://openalex.org/W3126192021
https://openalex.org/W7128993081,https://openalex.org/W4405506634
https://openalex.org/W7128993081,https://openalex.org/W4416223217
https://openalex.org/W4297877386,https://openalex.org/W4297877386
https://openalex.org/W4385662295,https://openalex.org/W3209926681
https://openalex.org/W7125976487,https://openalex.org/W4383876504
https://openalex.org/W7125976487,https://openalex.org/W4387393951
https://openalex.org/W7125976487,https://openalex.org/W4410729404
https://openalex.org/W4391072155,https://openalex.org/W4220889655
https://openalex.org/W4415522803,https://openalex.org/W4294991267
https://openalex.org/W4416425467,https://openalex.org/W4399561985
https://openalex.org/W4416425467,https://openalex.org/W4400883379
https://openalex.org/W4416425467,https://openalex.org/W4401108209
https://openalex.org/W4416425467,https://openalex.org/W4402675562
https://openalex.org/W4416425467,https://openalex.org/W4404626323
https://openalex.org/W4400558410,https://openalex.org/W3041629860
https://openalex.org/W4400558410,https://openalex.org/W4395481429
https://openalex.org/W3168359365,https://openalex.org/W3147893367
https://openalex.org/W4411605516,https://openalex.org/W4210542388
https://openalex.org/W4412654552,https://openalex.org/W4200361400
https://openalex.org/W4412654552,https://openalex.org/W4387440676
https://openalex.org/W4412654552,https://openalex.org/W4396552434
https://openalex.org/W4412654552,https://openalex.org/W4408593207
https://openalex.org/W4412654552,https://openalex.org/W4409975883
https://openalex.org/W4403898315,https://openalex.org/W4387845284
https://openalex.org/W4399073189,https://openalex.org/W4283071033
https://openalex.org/W4410502120,https://openalex.org/W3087101851
https://openalex.org/W4410502120,https://openalex.org/W3138355402
https://openalex.org/W4410502120,https://openalex.org/W4378469150
https://openalex.org/W4412469438,https://openalex.org/W4384829115
https://openalex.org/W4402595702,https://openalex.org/W3214627820
https://openalex.org/W4402595702,https://openalex.org/W4400146155
https://openalex.org/W4400885831,https://openalex.org/W3197672355
https://openalex.org/W4400885831,https://openalex.org/W4225646240
https://openalex.org/W4401120719,https://openalex.org/W4306250673
https://openalex.org/W3159650286,https://openalex.org/W655022340
https://openalex.org/W4280591474,https://openalex.org/W3211422942
https://openalex.org/W4324055503,https://openalex.org/W3158868556
https://openalex.org/W4403805520,https://openalex.org/W4310794463
https://openalex.org/W4403805520,https://openalex.org/W4387423679
https://openalex.org/W4404676580,https://openalex.org/W4394805800
https://openalex.org/W4410155402,https://openalex.org/W3155955096
https://openalex.org/W4410155402,https://openalex.org/W4298393739
https://openalex.org/W3188366922,https://openalex.org/W3130366085
https://openalex.org/W3188366922,https://openalex.org/W3172845662
https://openalex.org/W4385751402,https://openalex.org/W3203338076
https://openalex.org/W4387353086,https://openalex.org/W3137657824
https://openalex.org/W4387353086,https://openalex.org/W4221065317
https://openalex.org/W4387353086,https://openalex.org/W4298012959
https://openalex.org/W4392251830,https://openalex.org/W4213116381
https://openalex.org/W4379162256,https://openalex.org/W3111477536
https://openalex.org/W3173221507,https://openalex.org/W3001582938
https://openalex.org/W3173221507,https://openalex.org/W3123951688
https://openalex.org/W3173221507,https://openalex.org/W3130782880
https://openalex.org/W4413038060,https://openalex.org/W4206371996
https://openalex.org/W4413038060,https://openalex.org/W4306317693
https://openalex.org/W4413038060,https://openalex.org/W4388922185
https://openalex.org/W4413038060,https://openalex.org/W4413038060
https://openalex.org/W3207011128,https://openalex.org/W3151676492
https://openalex.org/W4381248472,https://openalex.org/W3195354527
https://openalex.org/W4381248472,https://openalex.org/W3210056739
https://openalex.org/W4417052870,https://openalex.org/W4389388102
https://openalex.org/W4417052870,https://openalex.org/W4404577322
https://openalex.org/W4385758722,https://openalex.org/W4312094059
https://openalex.org/W4385758722,https://openalex.org/W4321182794
https://openalex.org/W4393551951,https://openalex.org/W4376137861
https://openalex.org/W4400088611,https://openalex.org/W4377940746
https://openalex.org/W4297223429,https://openalex.org/W3187630655
https://openalex.org/W3212737794,https://openalex.org/W3097233283
https://openalex.org/W3212737794,https://openalex.org/W3155814090
https://openalex.org/W3212737794,https://openalex.org/W3213657016
https://openalex.org/W3212737794,https://openalex.org/W4212869050
https://openalex.org/W4388300897,https://openalex.org/W4323348133
https://openalex.org/W7160759811,https://openalex.org/W4391418108
https://openalex.org/W4392044181,https://openalex.org/W3177751482
https://openalex.org/W4392044181,https://openalex.org/W3182279934
https://openalex.org/W4392044181,https://openalex.org/W4210437840
https://openalex.org/W4392044181,https://openalex.org/W4220845798
https://openalex.org/W4392044181,https://openalex.org/W4289518974
https://openalex.org/W4392044181,https://openalex.org/W4381332281
https://openalex.org/W4382630818,https://openalex.org/W3118535008
https://openalex.org/W4382630818,https://openalex.org/W3211762520
https://openalex.org/W4382630818,https://openalex.org/W4224320189
https://openalex.org/W4382630818,https://openalex.org/W4293213756
https://openalex.org/W4382630818,https://openalex.org/W4303021939
https://openalex.org/W4382630818,https://openalex.org/W4319442556
https://openalex.org/W4382680263,https://openalex.org/W3129426031
https://openalex.org/W4382680263,https://openalex.org/W3204199008
https://openalex.org/W4399391519,https://openalex.org/W4288084253
https://openalex.org/W4377942857,https://openalex.org/W3167768535
https://openalex.org/W4377942857,https://openalex.org/W4306772682
https://openalex.org/W4377942857,https://openalex.org/W4316037804
https://openalex.org/W3195678569,https://openalex.org/W3204165321
https://openalex.org/W3122604668,https://openalex.org/W3085116199
https://openalex.org/W3122604668,https://openalex.org/W3086942018
https://openalex.org/W3095008377,https://openalex.org/W3178960719
https://openalex.org/W4284667781,https://openalex.org/W4214630324
https://openalex.org/W3174741611,https://openalex.org/W3159111439
https://openalex.org/W3174741611,https://openalex.org/W4285732530
https://openalex.org/W4406864562,https://openalex.org/W4280519765
https://openalex.org/W4388039745,https://openalex.org/W4221012648
https://openalex.org/W4283803434,https://openalex.org/W3101000142
https://openalex.org/W4283803434,https://openalex.org/W3119608513
https://openalex.org/W4283803434,https://openalex.org/W3139319730
https://openalex.org/W4283803434,https://openalex.org/W3178960719
https://openalex.org/W4283803434,https://openalex.org/W3211871934
https://openalex.org/W4283803434,https://openalex.org/W4292249925
https://openalex.org/W4283803434,https://openalex.org/W4306888997
https://openalex.org/W4283803434,https://openalex.org/W4385259606
https://openalex.org/W7123348240,https://openalex.org/W4385242047
https://openalex.org/W4410550336,https://openalex.org/W4313546498
https://openalex.org/W4410550336,https://openalex.org/W4404044139
https://openalex.org/W7117464074,https://openalex.org/W3121709350
https://openalex.org/W7117464074,https://openalex.org/W3155806984
https://openalex.org/W7117464074,https://openalex.org/W4223438099
https://openalex.org/W7117464074,https://openalex.org/W4281703310
https://openalex.org/W7117464074,https://openalex.org/W4391025760
https://openalex.org/W4307527688,https://openalex.org/W4320039140
https://openalex.org/W4307527688,https://openalex.org/W4384471217
https://openalex.org/W7117761976,https://openalex.org/W4316037804
https://openalex.org/W7117761976,https://openalex.org/W4404142846
https://openalex.org/W4293079468,https://openalex.org/W3210663094
https://openalex.org/W7207599405,https://openalex.org/W7160595726
https://openalex.org/W4308680517,https://openalex.org/W4226000788
https://openalex.org/W3212937751,https://openalex.org/W3121709350
https://openalex.org/W3212937751,https://openalex.org/W3155806984
https://openalex.org/W3212937751,https://openalex.org/W4284885602
https://openalex.org/W7169834335,https://openalex.org/W4388898709
https://openalex.org/W4205170763,https://openalex.org/W3135793359
https://openalex.org/W4402568571,https://openalex.org/W4295900181
https://openalex.org/W4402568571,https://openalex.org/W4391378979
https://openalex.org/W4291238237,https://openalex.org/W3133234490
https://openalex.org/W4410358225,https://openalex.org/W3126192021
https://openalex.org/W4410358225,https://openalex.org/W4283034406
https://openalex.org/W4410358225,https://openalex.org/W4391474836
https://openalex.org/W4321182794,https://openalex.org/W4312094059
https://openalex.org/W4362671543,https://openalex.org/W3205277336
https://openalex.org/W4362671543,https://openalex.org/W4362728327
https://openalex.org/W4285087937,https://openalex.org/W4289755677
https://openalex.org/W4403577847,https://openalex.org/W3198583799
https://openalex.org/W4403577847,https://openalex.org/W4281731903
https://openalex.org/W4408655848,https://openalex.org/W4392517487
https://openalex.org/W4408655848,https://openalex.org/W4399863124
https://openalex.org/W7171560970,https://openalex.org/W4381884443
https://openalex.org/W7171560970,https://openalex.org/W4410837346
https://openalex.org/W7141616920,https://openalex.org/W4414510468
https://openalex.org/W4386287045,https://openalex.org/W4296343728
https://openalex.org/W4386287045,https://openalex.org/W4386287045
https://openalex.org/W4387640981,https://openalex.org/W4385900045
https://openalex.org/W3184553615,https://openalex.org/W3130068926
https://openalex.org/W3184553615,https://openalex.org/W3147657356
https://openalex.org/W3184553615,https://openalex.org/W3157164929
https://openalex.org/W4389004431,https://openalex.org/W3194252003
https://openalex.org/W4389004431,https://openalex.org/W3201238766
https://openalex.org/W4388659790,https://openalex.org/W4293080080
https://openalex.org/W4392847527,https://openalex.org/W2963002078
https://openalex.org/W4392847527,https://openalex.org/W3178960719
https://openalex.org/W4407048124,https://openalex.org/W4390344685
https://openalex.org/W7204843339,https://openalex.org/W7143996785
https://openalex.org/W4403015714,https://openalex.org/W4391322484
https://openalex.org/W4392655894,https://openalex.org/W3193821308
https://openalex.org/W4321850923,https://openalex.org/W4315701226
https://openalex.org/W4380885712,https://openalex.org/W3209463098
https://openalex.org/W4404322923,https://openalex.org/W4382024881
https://openalex.org/W4414161607,https://openalex.org/W4210903883
https://openalex.org/W4414161607,https://openalex.org/W4308710938
https://openalex.org/W4417151430,https://openalex.org/W3201472890
https://openalex.org/W4417151430,https://openalex.org/W4280642850
https://openalex.org/W4417151430,https://openalex.org/W4289667180
https://openalex.org/W4399083091,https://openalex.org/W4392345977
https://openalex.org/W4399083091,https://openalex.org/W4392346086
https://openalex.org/W7204131764,https://openalex.org/W7151094093
https://openalex.org/W4392715968,https://openalex.org/W3198697586
https://openalex.org/W4407104145,https://openalex.org/W4224019334
https://openalex.org/W4407104145,https://openalex.org/W4292249806
https://openalex.org/W4410286320,https://openalex.org/W4205322653
https://openalex.org/W4385711415,https://openalex.org/W4366150187
https://openalex.org/W7204071881,https://openalex.org/W4400003130
https://openalex.org/W7204071881,https://openalex.org/W4411023786
https://openalex.org/W7204071881,https://openalex.org/W4411434049
https://openalex.org/W4400079752,https://openalex.org/W4398188972
https://openalex.org/W3174307797,https://openalex.org/W3160264158
https://openalex.org/W4415757334,https://openalex.org/W4387408745
https://openalex.org/W4403131565,https://openalex.org/W3162450672
https://openalex.org/W4403131565,https://openalex.org/W3164999091
https://openalex.org/W4403131565,https://openalex.org/W4366977339
https://openalex.org/W4416963264,https://openalex.org/W4401109544
https://openalex.org/W4323836236,https://openalex.org/W4295849137
https://openalex.org/W4409484439,https://openalex.org/W3159961451
https://openalex.org/W4409484439,https://openalex.org/W4395070139
https://openalex.org/W4409484439,https://openalex.org/W4402098773
https://openalex.org/W4409484439,https://openalex.org/W4408492623
https://openalex.org/W4406707500,https://openalex.org/W4295088922
https://openalex.org/W4403945595,https://openalex.org/W3127625155
https://openalex.org/W4403945595,https://openalex.org/W3160643592
https://openalex.org/W4388461388,https://openalex.org/W4388461388
https://openalex.org/W3211138370,https://openalex.org/W3013345219
https://openalex.org/W3211138370,https://openalex.org/W3099581372
https://openalex.org/W3211138370,https://openalex.org/W3140674682
https://openalex.org/W4386572713,https://openalex.org/W4311303735
https://openalex.org/W4409797273,https://openalex.org/W3178486169
https://openalex.org/W4399969416,https://openalex.org/W4383314111
https://openalex.org/W4409087083,https://openalex.org/W4285096877
https://openalex.org/W4409087083,https://openalex.org/W4311872642
https://openalex.org/W7162200904,https://openalex.org/W4404868256
https://openalex.org/W4405737986,https://openalex.org/W4387180019
https://openalex.org/W4414031910,https://openalex.org/W4398160111
https://openalex.org/W4414031910,https://openalex.org/W4410455785
https://openalex.org/W4391489717,https://openalex.org/W3122929861
https://openalex.org/W4391489717,https://openalex.org/W4200450154
https://openalex.org/W4391489717,https://openalex.org/W4214920364
https://openalex.org/W4391489717,https://openalex.org/W4220881793
https://openalex.org/W4391489717,https://openalex.org/W4297236972
https://openalex.org/W4391489717,https://openalex.org/W4311446162
https://openalex.org/W4391489717,https://openalex.org/W4321081151
https://openalex.org/W4391489717,https://openalex.org/W4376637223
https://openalex.org/W4391489717,https://openalex.org/W4381110663
https://openalex.org/W4399804170,https://openalex.org/W3172592264
https://openalex.org/W4386448662,https://openalex.org/W3217205811
https://openalex.org/W4290703014,https://openalex.org/W3143892362
https://openalex.org/W7161808668,https://openalex.org/W4392823358
https://openalex.org/W4389301229,https://openalex.org/W3170160699
https://openalex.org/W4389301229,https://openalex.org/W3177254759
https://openalex.org/W4402635625,https://openalex.org/W4318999333
https://openalex.org/W4308736362,https://openalex.org/W4224434548
https://openalex.org/W4376104346,https://openalex.org/W3192679399
https://openalex.org/W4376104346,https://openalex.org/W4226035938
https://openalex.org/W4410850958,https://openalex.org/W3174184361
https://openalex.org/W4410850958,https://openalex.org/W4394006486
https://openalex.org/W4407168743,https://openalex.org/W4387439353
https://openalex.org/W4407168743,https://openalex.org/W4388871242
https://openalex.org/W4304731562,https://openalex.org/W4200106504
https://openalex.org/W4304731562,https://openalex.org/W4210548804
https://openalex.org/W4307922190,https://openalex.org/W3196971725
https://openalex.org/W4414531560,https://openalex.org/W4308543714
https://openalex.org/W4210534264,https://openalex.org/W3133061589
https://openalex.org/W4210534264,https://openalex.org/W3145834757
https://openalex.org/W4406324618,https://openalex.org/W4312058527
https://openalex.org/W4406324618,https://openalex.org/W4318245543
https://openalex.org/W4406324618,https://openalex.org/W4388340501
https://openalex.org/W4406324618,https://openalex.org/W4388501680
https://openalex.org/W4406324618,https://openalex.org/W4394693273
https://openalex.org/W4406324618,https://openalex.org/W4401122737
https://openalex.org/W4318949503,https://openalex.org/W3209468839
https://openalex.org/W4407697225,https://openalex.org/W4206416344
https://openalex.org/W4407697225,https://openalex.org/W4293574888
https://openalex.org/W4407697225,https://openalex.org/W4319592726
https://openalex.org/W4407697225,https://openalex.org/W4365509636
https://openalex.org/W4407697225,https://openalex.org/W4389434546
https://openalex.org/W4407697225,https://openalex.org/W4404465383
https://openalex.org/W4362552239,https://openalex.org/W3200054614
https://openalex.org/W7203831301,https://openalex.org/W4313566541
https://openalex.org/W7203831301,https://openalex.org/W4379745269
https://openalex.org/W7203831301,https://openalex.org/W4390753454
https://openalex.org/W4395072692,https://openalex.org/W4365459366
https://openalex.org/W4220913901,https://openalex.org/W3151368405
https://openalex.org/W4385955786,https://openalex.org/W4294315424
https://openalex.org/W4385955786,https://openalex.org/W4366988397
https://openalex.org/W4399118441,https://openalex.org/W4395691028
https://openalex.org/W4281725079,https://openalex.org/W4281674429
https://openalex.org/W4224981546,https://openalex.org/W3178960719
https://openalex.org/W4224981546,https://openalex.org/W3216294176
https://openalex.org/W4293331939,https://openalex.org/W4289755677
https://openalex.org/W7154845806,https://openalex.org/W3124242578
https://openalex.org/W4409331243,https://openalex.org/W4402446796
https://openalex.org/W4213069139,https://openalex.org/W4200468535
https://openalex.org/W4283640191,https://openalex.org/W4283640191
https://openalex.org/W4405626959,https://openalex.org/W4401211033
https://openalex.org/W4405626959,https://openalex.org/W4226033020
https://openalex.org/W4405626959,https://openalex.org/W3112618968
https://openalex.org/W4405626959,https://openalex.org/W3178960719
https://openalex.org/W4405626959,https://openalex.org/W3179854520
https://openalex.org/W4405626959,https://openalex.org/W4394905311
https://openalex.org/W4408952862,https://openalex.org/W4400009152
https://openalex.org/W4404064678,https://openalex.org/W4324307193
https://openalex.org/W7131085227,https://openalex.org/W3157621000
https://openalex.org/W7131085227,https://openalex.org/W4379144598
https://openalex.org/W4415484240,https://openalex.org/W3197156699
https://openalex.org/W4406633757,https://openalex.org/W4383876504
https://openalex.org/W7163644265,https://openalex.org/W4399118441
https://openalex.org/W7163644265,https://openalex.org/W4413253801
https://openalex.org/W4381839546,https://openalex.org/W3215990762
https://openalex.org/W4408281678,https://openalex.org/W4280516769
https://openalex.org/W4408281678,https://openalex.org/W4361853982
https://openalex.org/W4408281678,https://openalex.org/W4386159145
https://openalex.org/W4408281678,https://openalex.org/W4407304452
https://openalex.org/W4408281678,https://openalex.org/W4408281904
https://openalex.org/W4378843163,https://openalex.org/W4310449823
https://openalex.org/W4417145034,https://openalex.org/W4417072577
https://openalex.org/W7158850145,https://openalex.org/W4224871336
https://openalex.org/W7158850145,https://openalex.org/W4307125471
https://openalex.org/W7158850145,https://openalex.org/W4366352829
https://openalex.org/W7158850145,https://openalex.org/W4388900964
https://openalex.org/W7158850145,https://openalex.org/W4391898790
https://openalex.org/W7158850145,https://openalex.org/W4398236893
https://openalex.org/W7158850145,https://openalex.org/W4402266102
https://openalex.org/W7158850145,https://openalex.org/W4407233873
https://openalex.org/W7161989877,https://openalex.org/W7138893651
https://openalex.org/W4401688682,https://openalex.org/W3206812573
https://openalex.org/W4401688682,https://openalex.org/W3214399682
https://openalex.org/W4401688682,https://openalex.org/W4293693009
https://openalex.org/W4401688682,https://openalex.org/W4380885712
https://openalex.org/W4401688682,https://openalex.org/W4401510353
https://openalex.org/W4400696749,https://openalex.org/W3216666167
https://openalex.org/W4400696749,https://openalex.org/W4282973403
https://openalex.org/W4212939313,https://openalex.org/W3169909418
https://openalex.org/W4212939313,https://openalex.org/W4212939313
https://openalex.org/W4210301930,https://openalex.org/W3118786201
https://openalex.org/W4210301930,https://openalex.org/W3165542633
https://openalex.org/W4290516270,https://openalex.org/W3120991620
https://openalex.org/W4290516270,https://openalex.org/W3129563346
https://openalex.org/W4398235792,https://openalex.org/W4313594150
https://openalex.org/W4398235792,https://openalex.org/W4390414973
https://openalex.org/W4396833712,https://openalex.org/W4226306364
https://openalex.org/W4396833712,https://openalex.org/W4317926929
https://openalex.org/W4380905683,https://openalex.org/W3186847031
https://openalex.org/W4380905683,https://openalex.org/W4206197282
https://openalex.org/W4380363006,https://openalex.org/W4223451023
https://openalex.org/W4410094006,https://openalex.org/W4282942306
https://openalex.org/W4410094006,https://openalex.org/W4391090865
https://openalex.org/W4387461822,https://openalex.org/W4367312126
https://openalex.org/W4387461822,https://openalex.org/W4385607072
https://openalex.org/W4281700520,https://openalex.org/W3131392783
https://openalex.org/W4281700520,https://openalex.org/W3158010139
https://openalex.org/W7159837354,https://openalex.org/W4410140248
https://openalex.org/W7160821320,https://openalex.org/W3175075345
https://openalex.org/W7160821320,https://openalex.org/W4205745693
https://openalex.org/W7160821320,https://openalex.org/W4213148253
https://openalex.org/W7160821320,https://openalex.org/W4388631061
https://openalex.org/W7160821320,https://openalex.org/W7131286638
https://openalex.org/W7135087388,https://openalex.org/W4376873629
https://openalex.org/W7135087388,https://openalex.org/W4388183574
https://openalex.org/W7161792046,https://openalex.org/W4401211033
https://openalex.org/W7161792046,https://openalex.org/W4417268180
https://openalex.org/W7161792046,https://openalex.org/W4417462222
https://openalex.org/W4413444014,https://openalex.org/W3133895886
https://openalex.org/W4413444014,https://openalex.org/W3153626527
https://openalex.org/W4413444014,https://openalex.org/W4220934968
https://openalex.org/W4413444014,https://openalex.org/W4288084253
https://openalex.org/W4413444014,https://openalex.org/W4306888967
https://openalex.org/W4413444014,https://openalex.org/W4312181039
https://openalex.org/W4413444014,https://openalex.org/W4317831006
https://openalex.org/W4413444014,https://openalex.org/W4362458883
https://openalex.org/W4413444014,https://openalex.org/W4385409823
https://openalex.org/W4413444014,https://openalex.org/W4390494000
https://openalex.org/W4413444014,https://openalex.org/W4391519185
https://openalex.org/W4413444014,https://openalex.org/W4392156343
https://openalex.org/W4413444014,https://openalex.org/W4402037962
https://openalex.org/W4413444014,https://openalex.org/W4408151775
https://openalex.org/W4416137182,https://openalex.org/W4404036981
https://openalex.org/W4416137182,https://openalex.org/W4409783957
https://openalex.org/W4387955589,https://openalex.org/W4220847391
https://openalex.org/W4387955589,https://openalex.org/W4322502928
https://openalex.org/W4404199783,https://openalex.org/W3122795031
https://openalex.org/W4404199783,https://openalex.org/W4205691153
https://openalex.org/W4404199783,https://openalex.org/W4296194542
https://openalex.org/W4404199783,https://openalex.org/W4392002109
https://openalex.org/W4386652261,https://openalex.org/W3174741611
https://openalex.org/W4317779094,https://openalex.org/W4205745693
https://openalex.org/W4317779094,https://openalex.org/W4310122184
https://openalex.org/W4380421875,https://openalex.org/W3138005350
https://openalex.org/W4380421875,https://openalex.org/W3180308285
https://openalex.org/W4389347104,https://openalex.org/W3152997693
https://openalex.org/W4386244252,https://openalex.org/W3185740305
https://openalex.org/W4386244252,https://openalex.org/W4282971422
https://openalex.org/W4403911399,https://openalex.org/W3036104060
https://openalex.org/W4403911399,https://openalex.org/W4226017481
https://openalex.org/W4403911399,https://openalex.org/W4317606129
https://openalex.org/W4403911399,https://openalex.org/W4390872893
https://openalex.org/W7135184989,https://openalex.org/W4226033020
https://openalex.org/W7135184989,https://openalex.org/W4312219349
https://openalex.org/W7135184989,https://openalex.org/W4401211033
https://openalex.org/W4390075421,https://openalex.org/W3126680560
https://openalex.org/W4390075421,https://openalex.org/W3128130707
https://openalex.org/W4390075421,https://openalex.org/W4224215294
https://openalex.org/W4390075421,https://openalex.org/W4313829366
https://openalex.org/W4390075421,https://openalex.org/W4316013419
https://openalex.org/W7128818531,https://openalex.org/W3165419936
https://openalex.org/W7171323605,https://openalex.org/W4410497185
https://openalex.org/W4402047181,https://openalex.org/W4380048615
https://openalex.org/W4402047181,https://openalex.org/W4390777550
https://openalex.org/W4200369377,https://openalex.org/W4200369377
https://openalex.org/W7124848604,https://openalex.org/W4395481429
https://openalex.org/W7124848604,https://openalex.org/W3141076273
https://openalex.org/W3120311382,https://openalex.org/W3120311382
https://openalex.org/W4404034510,https://openalex.org/W3174721530
https://openalex.org/W4404034510,https://openalex.org/W3215369792
https://openalex.org/W4404034510,https://openalex.org/W4225407198
https://openalex.org/W4404034510,https://openalex.org/W4225592966
https://openalex.org/W4404034510,https://openalex.org/W4307631973
https://openalex.org/W4404034510,https://openalex.org/W4316591686
https://openalex.org/W4404034510,https://openalex.org/W4319752452
https://openalex.org/W4404034510,https://openalex.org/W4320907538
https://openalex.org/W4404034510,https://openalex.org/W4322775420
https://openalex.org/W4404034510,https://openalex.org/W4323651929
https://openalex.org/W4404034510,https://openalex.org/W4386185084
https://openalex.org/W4404034510,https://openalex.org/W4391230929
https://openalex.org/W4404034510,https://openalex.org/W4396511637
https://openalex.org/W7117313919,https://openalex.org/W4399047068
https://openalex.org/W7117313919,https://openalex.org/W4406623877
https://openalex.org/W4327858901,https://openalex.org/W4200471697
https://openalex.org/W4313543977,https://openalex.org/W4313543977
https://openalex.org/W4308650839,https://openalex.org/W4313017280
https://openalex.org/W3176839860,https://openalex.org/W3153646827
https://openalex.org/W3210032307,https://openalex.org/W3167088720
https://openalex.org/W4408003134,https://openalex.org/W4200512536
https://openalex.org/W4408003134,https://openalex.org/W4206590563
https://openalex.org/W4408003134,https://openalex.org/W4221002349
https://openalex.org/W4408003134,https://openalex.org/W4302303966
https://openalex.org/W4408003134,https://openalex.org/W4388265872
https://openalex.org/W4408003134,https://openalex.org/W4395118114
https://openalex.org/W4399070242,https://openalex.org/W3197244601
https://openalex.org/W4399070242,https://openalex.org/W4315784059
https://openalex.org/W4399070242,https://openalex.org/W4383341825
https://openalex.org/W4399070242,https://openalex.org/W4385620201
https://openalex.org/W3200021964,https://openalex.org/W3129711800
https://openalex.org/W3200021964,https://openalex.org/W3175629170
https://openalex.org/W3200021964,https://openalex.org/W3184968032
https://openalex.org/W4417524106,https://openalex.org/W4412069282
https://openalex.org/W4401724551,https://openalex.org/W4401858468
https://openalex.org/W7163196694,https://openalex.org/W4293236970
https://openalex.org/W4389147302,https://openalex.org/W3158564857
https://openalex.org/W4389147302,https://openalex.org/W3176852009
https://openalex.org/W4389147302,https://openalex.org/W4206247493
https://openalex.org/W4389147302,https://openalex.org/W4307186418
https://openalex.org/W4389147302,https://openalex.org/W4389147302
https://openalex.org/W4390872893,https://openalex.org/W3036104060
https://openalex.org/W4390872893,https://openalex.org/W4226017481
https://openalex.org/W4390872893,https://openalex.org/W4317606129
https://openalex.org/W4381162728,https://openalex.org/W4226456618
https://openalex.org/W4381162728,https://openalex.org/W4321780060
https://openalex.org/W7117722727,https://openalex.org/W3209926681
https://openalex.org/W7117722727,https://openalex.org/W4385662295
https://openalex.org/W7117722727,https://openalex.org/W4409984652
https://openalex.org/W4312751687,https://openalex.org/W3168445035
https://openalex.org/W4312751687,https://openalex.org/W3215508358
https://openalex.org/W4386481910,https://openalex.org/W4308036860
https://openalex.org/W3165767772,https://openalex.org/W3157245047
https://openalex.org/W4411985952,https://openalex.org/W4410618182
https://openalex.org/W4381613090,https://openalex.org/W3126074238
https://openalex.org/W4391275566,https://openalex.org/W4224126465
https://openalex.org/W4306906522,https://openalex.org/W3199551559
https://openalex.org/W7133508949,https://openalex.org/W4393184084
https://openalex.org/W7143741927,https://openalex.org/W3187751888
https://openalex.org/W7143741927,https://openalex.org/W4393933611
https://openalex.org/W7143741927,https://openalex.org/W4414493500
https://openalex.org/W4319438369,https://openalex.org/W4205745693
https://openalex.org/W4394994046,https://openalex.org/W3205927750
https://openalex.org/W4394994046,https://openalex.org/W4386376506
https://openalex.org/W4402005186,https://openalex.org/W3125086289
https://openalex.org/W4402005186,https://openalex.org/W4289913845
https://openalex.org/W4409771974,https://openalex.org/W3138397194
https://openalex.org/W4409771974,https://openalex.org/W3155407021
https://openalex.org/W4409771974,https://openalex.org/W4206292609
https://openalex.org/W4409771974,https://openalex.org/W4306809803
https://openalex.org/W4410861896,https://openalex.org/W4293872266
https://openalex.org/W4410861896,https://openalex.org/W4389488673
https://openalex.org/W4410861896,https://openalex.org/W4399104125
https://openalex.org/W7140889342,https://openalex.org/W4405596277
https://openalex.org/W4402552335,https://openalex.org/W3136002517
https://openalex.org/W4402552335,https://openalex.org/W3147055522
https://openalex.org/W4402552335,https://openalex.org/W4210364767
https://openalex.org/W4402552335,https://openalex.org/W4310163492
https://openalex.org/W4402552335,https://openalex.org/W4312094454
https://openalex.org/W4402552335,https://openalex.org/W4395052434
https://openalex.org/W4402552335,https://openalex.org/W4398138066
https://openalex.org/W4400280232,https://openalex.org/W4304890566
https://openalex.org/W4400280232,https://openalex.org/W4385301383
https://openalex.org/W4389144784,https://openalex.org/W4398306523
https://openalex.org/W4406696741,https://openalex.org/W4396688733
https://openalex.org/W7123700703,https://openalex.org/W4404981346
https://openalex.org/W4417457804,https://openalex.org/W3123703095
https://openalex.org/W4248285949,https://openalex.org/W3212068121
https://openalex.org/W4416103004,https://openalex.org/W4220752070
https://openalex.org/W4312192568,https://openalex.org/W3165326852
https://openalex.org/W4312192568,https://openalex.org/W4304823292
https://openalex.org/W4403894554,https://openalex.org/W4324319300
https://openalex.org/W4285093237,https://openalex.org/W3199202305
https://openalex.org/W4285093237,https://openalex.org/W3206812573
https://openalex.org/W4285093237,https://openalex.org/W4283396386
https://openalex.org/W4309047068,https://openalex.org/W3205108747
https://openalex.org/W4396557627,https://openalex.org/W4380324054
https://openalex.org/W7155201014,https://openalex.org/W4323544460
https://openalex.org/W4309896800,https://openalex.org/W3131514192
https://openalex.org/W4309896800,https://openalex.org/W4309896800
https://openalex.org/W4310836720,https://openalex.org/W3125392042
https://openalex.org/W4413032556,https://openalex.org/W3179709780
https://openalex.org/W4319721349,https://openalex.org/W3214399682
https://openalex.org/W4319721349,https://openalex.org/W4210437840
https://openalex.org/W4319721349,https://openalex.org/W4210653628
https://openalex.org/W4319721349,https://openalex.org/W4289518974
https://openalex.org/W4319721349,https://openalex.org/W4297473357
https://openalex.org/W4403774884,https://openalex.org/W4312112726
https://openalex.org/W4403774884,https://openalex.org/W4387259246
https://openalex.org/W4414572858,https://openalex.org/W4402729994
https://openalex.org/W4389475082,https://openalex.org/W4298008635
https://openalex.org/W4389475082,https://openalex.org/W4380685770
https://openalex.org/W3177858951,https://openalex.org/W3161409531
https://openalex.org/W7212071691,https://openalex.org/W3176852009
https://openalex.org/W7212071691,https://openalex.org/W4324122179
https://openalex.org/W7212071691,https://openalex.org/W4390768438
https://openalex.org/W7212071691,https://openalex.org/W4391874209
https://openalex.org/W7212071691,https://openalex.org/W4392906835
https://openalex.org/W7212071691,https://openalex.org/W4402479734
https://openalex.org/W7212071691,https://openalex.org/W4406221574
https://openalex.org/W7212071691,https://openalex.org/W4410740645
https://openalex.org/W3165955998,https://openalex.org/W3139319730
https://openalex.org/W4200440847,https://openalex.org/W3215102050
https://openalex.org/W4387396237,https://openalex.org/W4200468535
https://openalex.org/W4387396237,https://openalex.org/W4307344144
https://openalex.org/W3135436087,https://openalex.org/W3112618968
https://openalex.org/W3135436087,https://openalex.org/W3179854520
https://openalex.org/W4399134269,https://openalex.org/W3166835521
https://openalex.org/W4399134269,https://openalex.org/W4225680457
https://openalex.org/W4399134269,https://openalex.org/W4361218692
https://openalex.org/W4399134269,https://openalex.org/W4366254371
https://openalex.org/W4406970607,https://openalex.org/W3212737794
https://openalex.org/W4406970607,https://openalex.org/W4385955786
https://openalex.org/W4386323884,https://openalex.org/W4214569849
https://openalex.org/W4391686278,https://openalex.org/W4327614113
https://openalex.org/W4405128561,https://openalex.org/W4391220643
https://openalex.org/W4410602825,https://openalex.org/W4283824682
https://openalex.org/W4415545217,https://openalex.org/W3136269938
https://openalex.org/W4415545217,https://openalex.org/W4291019119
https://openalex.org/W4415545217,https://openalex.org/W4306638507
https://openalex.org/W4415545217,https://openalex.org/W4323655945
https://openalex.org/W4415545217,https://openalex.org/W4389195985
https://openalex.org/W4415545217,https://openalex.org/W4391248667
https://openalex.org/W4415545217,https://openalex.org/W4407070596
https://openalex.org/W4290928564,https://openalex.org/W4294712499
https://openalex.org/W4365450279,https://openalex.org/W3205473929
https://openalex.org/W4365450279,https://openalex.org/W4220953388
https://openalex.org/W4312107076,https://openalex.org/W4221152669
https://openalex.org/W3195082158,https://openalex.org/W3129683478
https://openalex.org/W4321782954,https://openalex.org/W4282946485
https://openalex.org/W4311633624,https://openalex.org/W3212927816
https://openalex.org/W7172434630,https://openalex.org/W4360612585
https://openalex.org/W7172434630,https://openalex.org/W4388128237
https://openalex.org/W7172434630,https://openalex.org/W4408593457
https://openalex.org/W4387189797,https://openalex.org/W4285798580
https://openalex.org/W4224253866,https://openalex.org/W4224253866
https://openalex.org/W4295128642,https://openalex.org/W4283797869
https://openalex.org/W3159830297,https://openalex.org/W3131442295
https://openalex.org/W4417503094,https://openalex.org/W4409287575
https://openalex.org/W4367313281,https://openalex.org/W3205473929
https://openalex.org/W7157893686,https://openalex.org/W4387009878
https://openalex.org/W7157893686,https://openalex.org/W7125517785
https://openalex.org/W4401760816,https://openalex.org/W4385606136
https://openalex.org/W7154609950,https://openalex.org/W4362543368
https://openalex.org/W7154609950,https://openalex.org/W4404629569
https://openalex.org/W4405679779,https://openalex.org/W4399733352
https://openalex.org/W4379107271,https://openalex.org/W3188446399
https://openalex.org/W4386083666,https://openalex.org/W3129711800
https://openalex.org/W4386083666,https://openalex.org/W3164962350
https://openalex.org/W4386083666,https://openalex.org/W3169530204
https://openalex.org/W4386083666,https://openalex.org/W3174932466
https://openalex.org/W4386083666,https://openalex.org/W3200021964
https://openalex.org/W4386083666,https://openalex.org/W4224871336
https://openalex.org/W4386083666,https://openalex.org/W4224980446
https://openalex.org/W4386083666,https://openalex.org/W4294864632
https://openalex.org/W4386083666,https://openalex.org/W4307125471
https://openalex.org/W4387393951,https://openalex.org/W4317888455
https://openalex.org/W4386703756,https://openalex.org/W3129711800
https://openalex.org/W4386703756,https://openalex.org/W3175629170
https://openalex.org/W4386703756,https://openalex.org/W3200021964
https://openalex.org/W4386703756,https://openalex.org/W4307125471
https://openalex.org/W4386703756,https://openalex.org/W4380853240
https://openalex.org/W4386703756,https://openalex.org/W4386029375
https://openalex.org/W4386703756,https://openalex.org/W4387234575
https://openalex.org/W4307897788,https://openalex.org/W3126627207
https://openalex.org/W7169550034,https://openalex.org/W4408662430
https://openalex.org/W7169550034,https://openalex.org/W4413430600
https://openalex.org/W4402167522,https://openalex.org/W3136852132
https://openalex.org/W4402167522,https://openalex.org/W4319730355
https://openalex.org/W4402167522,https://openalex.org/W4367059779
https://openalex.org/W4318499749,https://openalex.org/W3119232002
https://openalex.org/W4409958660,https://openalex.org/W3155806984
https://openalex.org/W4409958660,https://openalex.org/W3156446579
https://openalex.org/W4409958660,https://openalex.org/W4223438099
https://openalex.org/W4409958660,https://openalex.org/W4393973765
https://openalex.org/W4408612424,https://openalex.org/W4400002663
https://openalex.org/W4207024314,https://openalex.org/W3158834634
https://openalex.org/W4207024314,https://openalex.org/W3169909418
https://openalex.org/W4207024314,https://openalex.org/W3206212349
https://openalex.org/W4207024314,https://openalex.org/W4205799335
https://openalex.org/W4399539755,https://openalex.org/W4285087937
https://openalex.org/W4399539755,https://openalex.org/W4289755677
https://openalex.org/W4399539755,https://openalex.org/W4385070321
https://openalex.org/W4409438806,https://openalex.org/W4226081086
https://openalex.org/W4310718348,https://openalex.org/W3200683982
https://openalex.org/W4310718348,https://openalex.org/W3211381779
https://openalex.org/W4310718348,https://openalex.org/W3212192561
https://openalex.org/W4310718348,https://openalex.org/W4226223770
https://openalex.org/W4310718348,https://openalex.org/W4285121534
https://openalex.org/W4410027450,https://openalex.org/W4280637443
https://openalex.org/W4410027450,https://openalex.org/W4367282060
https://openalex.org/W4293442421,https://openalex.org/W3156823378
https://openalex.org/W4293442421,https://openalex.org/W3181777454
https://openalex.org/W4293442421,https://openalex.org/W4200129045
https://openalex.org/W4293442421,https://openalex.org/W4313366978
https://openalex.org/W4319866008,https://openalex.org/W3136360448
https://openalex.org/W4319866008,https://openalex.org/W4200433150
https://openalex.org/W4319866008,https://openalex.org/W4210731194
https://openalex.org/W7117158665,https://openalex.org/W4402489879
https://openalex.org/W4413930693,https://openalex.org/W4406213960
https://openalex.org/W4383092853,https://openalex.org/W3143807503
https://openalex.org/W4391577922,https://openalex.org/W3134615649
https://openalex.org/W4391577922,https://openalex.org/W4306688040
https://openalex.org/W4406772746,https://openalex.org/W4297996839
https://openalex.org/W4386029291,https://openalex.org/W4366219966
https://openalex.org/W4386029291,https://openalex.org/W4388725593
https://openalex.org/W4402448924,https://openalex.org/W4312089611
https://openalex.org/W4394976868,https://openalex.org/W3200302861
https://openalex.org/W4394976868,https://openalex.org/W4214545707
https://openalex.org/W4394976868,https://openalex.org/W4284885467
https://openalex.org/W4408281904,https://openalex.org/W3193307700
https://openalex.org/W4408281904,https://openalex.org/W4280516769
https://openalex.org/W4408281904,https://openalex.org/W4386159145
https://openalex.org/W4392594000,https://openalex.org/W3136595369
https://openalex.org/W4392594000,https://openalex.org/W4391167610
https://openalex.org/W3210328256,https://openalex.org/W3049631296
https://openalex.org/W4409280206,https://openalex.org/W4391809604
https://openalex.org/W4391238164,https://openalex.org/W3137011944
https://openalex.org/W4281630196,https://openalex.org/W3201527056
https://openalex.org/W4405723534,https://openalex.org/W3135485603
https://openalex.org/W4405723534,https://openalex.org/W4387950158
https://openalex.org/W4391365154,https://openalex.org/W4220934968
https://openalex.org/W4405505991,https://openalex.org/W4285810273
https://openalex.org/W4405505991,https://openalex.org/W4365459366
https://openalex.org/W4405505991,https://openalex.org/W4395072692
https://openalex.org/W4400492651,https://openalex.org/W4297877386
https://openalex.org/W7140285745,https://openalex.org/W4402406111
https://openalex.org/W4391275439,https://openalex.org/W4224126465
https://openalex.org/W4225646941,https://openalex.org/W3169889545
https://openalex.org/W4415609952,https://openalex.org/W4386789478
https://openalex.org/W4415609952,https://openalex.org/W4407994699
https://openalex.org/W4385971643,https://openalex.org/W4225166092
https://openalex.org/W4387526240,https://openalex.org/W3110382623
https://openalex.org/W4387526240,https://openalex.org/W3214229048
https://openalex.org/W4387526240,https://openalex.org/W4309174798
https://openalex.org/W4387526240,https://openalex.org/W4311584602
https://openalex.org/W4387526240,https://openalex.org/W4379768780
https://openalex.org/W4376118301,https://openalex.org/W4306870544
https://openalex.org/W4410250330,https://openalex.org/W4403424779
https://openalex.org/W7161598184,https://openalex.org/W4361215213
https://openalex.org/W7161598184,https://openalex.org/W4385740330
https://openalex.org/W7161598184,https://openalex.org/W4387757771
https://openalex.org/W4416964866,https://openalex.org/W4391591351
https://openalex.org/W4416964866,https://openalex.org/W4394872268
https://openalex.org/W4416964866,https://openalex.org/W3112618968
https://openalex.org/W4416964866,https://openalex.org/W3131624221
https://openalex.org/W4416964866,https://openalex.org/W4394905311
https://openalex.org/W4416964866,https://openalex.org/W3178960719
https://openalex.org/W4387536931,https://openalex.org/W4360964959
https://openalex.org/W4387536931,https://openalex.org/W4385765640
https://openalex.org/W4389722390,https://openalex.org/W4385567652
https://openalex.org/W4394938988,https://openalex.org/W3196145181
https://openalex.org/W4225012621,https://openalex.org/W3136076121
https://openalex.org/W4225012621,https://openalex.org/W3164661615
https://openalex.org/W7124712541,https://openalex.org/W4405785743
https://openalex.org/W4394927536,https://openalex.org/W4387670116
https://openalex.org/W7166539814,https://openalex.org/W2990187828
https://openalex.org/W7166539814,https://openalex.org/W3191420927
https://openalex.org/W7166539814,https://openalex.org/W4300961415
https://openalex.org/W7166539814,https://openalex.org/W4376637223
https://openalex.org/W7166539814,https://openalex.org/W4386189465
https://openalex.org/W7166539814,https://openalex.org/W4406518955
https://openalex.org/W7166539814,https://openalex.org/W4411519838
https://openalex.org/W7166539814,https://openalex.org/W7123336330
https://openalex.org/W4410605099,https://openalex.org/W3128623005
https://openalex.org/W4289794150,https://openalex.org/W3118346788
https://openalex.org/W4289794150,https://openalex.org/W3161035215
https://openalex.org/W4324129379,https://openalex.org/W3160042961
https://openalex.org/W4324129379,https://openalex.org/W3192679399
https://openalex.org/W7117979018,https://openalex.org/W4390750536
https://openalex.org/W4327544583,https://openalex.org/W3209885285
https://openalex.org/W4327544583,https://openalex.org/W4319752452
https://openalex.org/W4327544583,https://openalex.org/W4323651929
https://openalex.org/W4405110759,https://openalex.org/W4360612585
https://openalex.org/W4405110759,https://openalex.org/W4388128237
https://openalex.org/W4401844107,https://openalex.org/W3184282524
https://openalex.org/W4401844107,https://openalex.org/W3202335318
https://openalex.org/W4401844107,https://openalex.org/W4281492949
https://openalex.org/W4401844107,https://openalex.org/W4285132001
https://openalex.org/W4221045273,https://openalex.org/W3198497689
https://openalex.org/W4323780392,https://openalex.org/W3175148141
https://openalex.org/W4221111357,https://openalex.org/W3194771952
https://openalex.org/W4221111357,https://openalex.org/W4214738659
https://openalex.org/W4387133314,https://openalex.org/W4283588834
https://openalex.org/W4409060097,https://openalex.org/W4310449368
https://openalex.org/W4409060097,https://openalex.org/W4312219141
https://openalex.org/W4409060097,https://openalex.org/W4361029949
https://openalex.org/W4409060097,https://openalex.org/W4378842868
https://openalex.org/W4409060097,https://openalex.org/W4386159140
https://openalex.org/W4409060097,https://openalex.org/W4386260189
https://openalex.org/W4409060097,https://openalex.org/W4390416451
https://openalex.org/W4409060097,https://openalex.org/W4390606299
https://openalex.org/W4409060097,https://openalex.org/W4391424134
https://openalex.org/W4409060097,https://openalex.org/W4391759783
https://openalex.org/W4409060097,https://openalex.org/W4393144915
https://openalex.org/W4409060097,https://openalex.org/W4393864284
https://openalex.org/W4409060097,https://openalex.org/W4394595774
https://openalex.org/W4409060097,https://openalex.org/W4396575244
https://openalex.org/W4409060097,https://openalex.org/W4402595128
https://openalex.org/W4372260258,https://openalex.org/W3133671857
https://openalex.org/W4372260258,https://openalex.org/W3205470954
https://openalex.org/W4372260258,https://openalex.org/W4214816946
https://openalex.org/W4385857903,https://openalex.org/W4232237566
https://openalex.org/W4385857903,https://openalex.org/W4281263642
https://openalex.org/W4385857903,https://openalex.org/W4292092839
https://openalex.org/W4385857903,https://openalex.org/W4293716152
https://openalex.org/W4366256770,https://openalex.org/W4366256770
https://openalex.org/W3135287984,https://openalex.org/W3208145391
https://openalex.org/W4318483451,https://openalex.org/W3163769242
https://openalex.org/W4318483451,https://openalex.org/W3192903008
https://openalex.org/W4318483451,https://openalex.org/W4206974933
https://openalex.org/W3168036092,https://openalex.org/W3155091396
https://openalex.org/W4280532161,https://openalex.org/W3130366085
https://openalex.org/W4280532161,https://openalex.org/W3172845662
https://openalex.org/W4280532161,https://openalex.org/W3188366922
https://openalex.org/W4280532161,https://openalex.org/W3198589445
https://openalex.org/W4405904096,https://openalex.org/W4392363657
https://openalex.org/W4405904096,https://openalex.org/W4405366325
https://openalex.org/W4411078464,https://openalex.org/W3121709350
https://openalex.org/W4411078464,https://openalex.org/W3212937751
https://openalex.org/W4411078464,https://openalex.org/W4281703310
https://openalex.org/W4411078464,https://openalex.org/W4393973765
https://openalex.org/W4411078464,https://openalex.org/W4401159012
https://openalex.org/W4410784889,https://openalex.org/W3120110960
https://openalex.org/W4410784889,https://openalex.org/W4297902843
https://openalex.org/W7134123242,https://openalex.org/W4321434821
https://openalex.org/W4405374592,https://openalex.org/W4307021433
https://openalex.org/W4385416796,https://openalex.org/W4308995095
https://openalex.org/W4401418842,https://openalex.org/W4226409388
https://openalex.org/W4377138683,https://openalex.org/W3200302861
https://openalex.org/W4377138683,https://openalex.org/W3206004330
https://openalex.org/W4377138683,https://openalex.org/W4284885467
https://openalex.org/W4387059948,https://openalex.org/W3137144429
https://openalex.org/W4387059948,https://openalex.org/W3138753282
https://openalex.org/W4387059948,https://openalex.org/W3155961778
https://openalex.org/W4387059948,https://openalex.org/W4220687659
https://openalex.org/W4387059948,https://openalex.org/W4313314322
https://openalex.org/W4387059948,https://openalex.org/W4378783628
https://openalex.org/W4387059948,https://openalex.org/W4386251190
https://openalex.org/W4295563275,https://openalex.org/W3210367424
https://openalex.org/W4379012536,https://openalex.org/W3207791258
https://openalex.org/W4379012536,https://openalex.org/W4220665899
https://openalex.org/W4379012536,https://openalex.org/W4282007552
https://openalex.org/W4379012536,https://openalex.org/W4288368491
https://openalex.org/W4379012536,https://openalex.org/W4318052223
https://openalex.org/W7134283389,https://openalex.org/W3124242578
https://openalex.org/W4407740239,https://openalex.org/W4206050927
https://openalex.org/W4407740239,https://openalex.org/W4282841045
https://openalex.org/W4407740239,https://openalex.org/W4388797752
https://openalex.org/W4407740239,https://openalex.org/W4400986879
https://openalex.org/W4291300545,https://openalex.org/W3200126268
https://openalex.org/W4384937691,https://openalex.org/W3125193838
https://openalex.org/W4384937691,https://openalex.org/W3127802927
https://openalex.org/W4384937691,https://openalex.org/W3134195618
https://openalex.org/W4384937691,https://openalex.org/W3153559825
https://openalex.org/W4384937691,https://openalex.org/W3177664440
https://openalex.org/W4384937691,https://openalex.org/W3211933372
https://openalex.org/W4384937691,https://openalex.org/W4294225545
https://openalex.org/W4384937691,https://openalex.org/W4324027287
https://openalex.org/W4394782991,https://openalex.org/W3175434968
https://openalex.org/W4394782991,https://openalex.org/W4312179061
https://openalex.org/W4414025839,https://openalex.org/W3162450672
https://openalex.org/W4414025839,https://openalex.org/W4414025839
https://openalex.org/W4416659843,https://openalex.org/W4399973455
https://openalex.org/W4416659843,https://openalex.org/W4400499443
https://openalex.org/W3209446800,https://openalex.org/W3122059388
https://openalex.org/W3209446800,https://openalex.org/W3163769242
https://openalex.org/W3209446800,https://openalex.org/W4206974933
https://openalex.org/W4400386660,https://openalex.org/W4211226194
https://openalex.org/W4312245218,https://openalex.org/W3194947502
https://openalex.org/W4312245218,https://openalex.org/W4292454820
https://openalex.org/W7125902725,https://openalex.org/W3138355402
https://openalex.org/W4392807078,https://openalex.org/W3107835566
https://openalex.org/W3180799306,https://openalex.org/W3119224404
https://openalex.org/W3180799306,https://openalex.org/W3170486725
https://openalex.org/W3122013837,https://openalex.org/W3210100177
https://openalex.org/W4388761939,https://openalex.org/W4380446416
https://openalex.org/W4399836653,https://openalex.org/W3112072919
https://openalex.org/W4399836653,https://openalex.org/W3156862725
https://openalex.org/W4399836653,https://openalex.org/W3212730133
https://openalex.org/W4399836653,https://openalex.org/W4379510487
https://openalex.org/W4399836653,https://openalex.org/W4386453538
https://openalex.org/W4404130284,https://openalex.org/W4294991267
https://openalex.org/W4323294935,https://openalex.org/W4310805930
https://openalex.org/W4393167418,https://openalex.org/W4393167418
https://openalex.org/W4310813152,https://openalex.org/W3108746647
https://openalex.org/W4310813152,https://openalex.org/W3118887992
https://openalex.org/W4313466109,https://openalex.org/W3214743174
https://openalex.org/W4313466109,https://openalex.org/W4220752818
https://openalex.org/W4401751578,https://openalex.org/W3151244818
https://openalex.org/W4405695320,https://openalex.org/W4400722469
https://openalex.org/W7167810803,https://openalex.org/W4225583290
https://openalex.org/W7167810803,https://openalex.org/W4399303120
https://openalex.org/W7167810803,https://openalex.org/W4413859087
https://openalex.org/W4381332281,https://openalex.org/W3215183721
https://openalex.org/W4381332281,https://openalex.org/W4210437840
https://openalex.org/W4381332281,https://openalex.org/W4220845798
https://openalex.org/W4381332281,https://openalex.org/W4291130595
https://openalex.org/W3214627820,https://openalex.org/W3121055660
https://openalex.org/W3214627820,https://openalex.org/W4210355398
https://openalex.org/W4408613682,https://openalex.org/W2963002078
https://openalex.org/W4408613682,https://openalex.org/W3112618968
https://openalex.org/W4408613682,https://openalex.org/W3216850583
https://openalex.org/W4408613682,https://openalex.org/W4402983622
https://openalex.org/W7170137390,https://openalex.org/W4394905311
https://openalex.org/W3139013563,https://openalex.org/W3127055568
https://openalex.org/W4401317605,https://openalex.org/W4386890650
https://openalex.org/W4401317605,https://openalex.org/W4388035568
https://openalex.org/W7128505436,https://openalex.org/W4389991818
https://openalex.org/W7128505436,https://openalex.org/W4409626090
https://openalex.org/W7128505436,https://openalex.org/W4410192080
https://openalex.org/W4317475628,https://openalex.org/W3160643592
https://openalex.org/W4309934792,https://openalex.org/W3193501617
https://openalex.org/W4309934792,https://openalex.org/W4224290633
https://openalex.org/W7131063641,https://openalex.org/W4406172209
https://openalex.org/W7131063641,https://openalex.org/W4407025706
https://openalex.org/W4205736442,https://openalex.org/W2182589045
https://openalex.org/W4205736442,https://openalex.org/W3167768535
https://openalex.org/W4386826004,https://openalex.org/W3198299413
https://openalex.org/W3168408968,https://openalex.org/W3131624221
https://openalex.org/W3168408968,https://openalex.org/W3205009510
https://openalex.org/W4417304610,https://openalex.org/W3121709350
https://openalex.org/W4417304610,https://openalex.org/W3155550370
https://openalex.org/W4417304610,https://openalex.org/W3155806984
https://openalex.org/W4417304610,https://openalex.org/W3156446579
https://openalex.org/W4417304610,https://openalex.org/W4206154232
https://openalex.org/W4417304610,https://openalex.org/W4223438099
https://openalex.org/W4417304610,https://openalex.org/W4379208857
https://openalex.org/W4417304610,https://openalex.org/W4391025760
https://openalex.org/W4417304610,https://openalex.org/W4393973765
https://openalex.org/W4417304610,https://openalex.org/W4408540867
https://openalex.org/W4417304610,https://openalex.org/W4411078464
https://openalex.org/W4398761264,https://openalex.org/W4389795396
https://openalex.org/W4225644723,https://openalex.org/W3165564278
https://openalex.org/W7108321864,https://openalex.org/W4289278128
https://openalex.org/W7108321864,https://openalex.org/W4388128166
https://openalex.org/W4288074629,https://openalex.org/W2990187828
https://openalex.org/W4288074629,https://openalex.org/W3191420927
https://openalex.org/W7164179764,https://openalex.org/W4403062839
https://openalex.org/W4390118323,https://openalex.org/W4386579733
https://openalex.org/W4399567390,https://openalex.org/W4383101017
https://openalex.org/W4377692528,https://openalex.org/W4220888675
https://openalex.org/W4317910617,https://openalex.org/W3156962961
https://openalex.org/W4415306893,https://openalex.org/W4404034510
https://openalex.org/W4415306893,https://openalex.org/W4225407198
https://openalex.org/W4415306893,https://openalex.org/W4410948942
https://openalex.org/W4415306893,https://openalex.org/W4400354388
https://openalex.org/W4415306893,https://openalex.org/W4323651929
https://openalex.org/W4415306893,https://openalex.org/W4391230929
https://openalex.org/W4415306893,https://openalex.org/W4210817659
https://openalex.org/W4415306893,https://openalex.org/W3215369792
https://openalex.org/W4415306893,https://openalex.org/W4322775420
https://openalex.org/W4415306893,https://openalex.org/W4319752452
https://openalex.org/W4415306893,https://openalex.org/W4396511637
https://openalex.org/W4415306893,https://openalex.org/W4367844043
https://openalex.org/W4415306893,https://openalex.org/W4389979069
https://openalex.org/W4415306893,https://openalex.org/W3210040080
https://openalex.org/W4415306893,https://openalex.org/W4386185084
https://openalex.org/W4415306893,https://openalex.org/W4400733355
https://openalex.org/W4415306893,https://openalex.org/W3110713251
https://openalex.org/W4319662655,https://openalex.org/W4221048977
https://openalex.org/W4377989727,https://openalex.org/W3125265678
https://openalex.org/W3166304050,https://openalex.org/W3119232002
https://openalex.org/W3166304050,https://openalex.org/W4234329723
https://openalex.org/W7140142105,https://openalex.org/W3208220618
https://openalex.org/W7140142105,https://openalex.org/W4376615435
https://openalex.org/W4411016878,https://openalex.org/W4396894766
https://openalex.org/W4411016878,https://openalex.org/W4402259823
https://openalex.org/W4401328989,https://openalex.org/W4313476622
https://openalex.org/W4401328989,https://openalex.org/W4383502995
https://openalex.org/W4401328989,https://openalex.org/W4386640424
https://openalex.org/W4415303482,https://openalex.org/W4405857140
https://openalex.org/W4402531599,https://openalex.org/W4286449070
https://openalex.org/W4402531599,https://openalex.org/W4306761606
https://openalex.org/W4402531599,https://openalex.org/W4386518513
https://openalex.org/W4402531599,https://openalex.org/W4391943984
https://openalex.org/W7140145189,https://openalex.org/W2963002078
https://openalex.org/W4312160059,https://openalex.org/W3157427343
https://openalex.org/W7131682416,https://openalex.org/W3184415690
https://openalex.org/W7131682416,https://openalex.org/W3210676240
https://openalex.org/W4285132001,https://openalex.org/W3202335318
https://openalex.org/W4394131048,https://openalex.org/W3172845662
https://openalex.org/W7155565403,https://openalex.org/W4388631061
https://openalex.org/W4302907044,https://openalex.org/W3155955096
https://openalex.org/W4302907044,https://openalex.org/W4293298563
https://openalex.org/W4388833120,https://openalex.org/W3128283449
https://openalex.org/W4388833120,https://openalex.org/W4282920390
https://openalex.org/W4388833120,https://openalex.org/W4307771787
https://openalex.org/W4388833120,https://openalex.org/W4319302962
https://openalex.org/W4388833120,https://openalex.org/W4364321135
https://openalex.org/W4388833120,https://openalex.org/W4384642581
https://openalex.org/W4292372336,https://openalex.org/W3166296073
https://openalex.org/W4220894822,https://openalex.org/W3127676697
https://openalex.org/W4416251571,https://openalex.org/W4312394042
https://openalex.org/W3122990902,https://openalex.org/W3047371806
https://openalex.org/W4407743603,https://openalex.org/W3170991167
https://openalex.org/W4407743603,https://openalex.org/W4392130241
https://openalex.org/W7172243897,https://openalex.org/W4283793747
https://openalex.org/W7172243897,https://openalex.org/W4317677430
https://openalex.org/W7172243897,https://openalex.org/W4387443097
https://openalex.org/W7172243897,https://openalex.org/W4393356213
https://openalex.org/W7172243897,https://openalex.org/W4408414524
https://openalex.org/W4387918742,https://openalex.org/W4311108326
https://openalex.org/W4387918742,https://openalex.org/W4319461532
https://openalex.org/W3126243977,https://openalex.org/W3128518181
https://openalex.org/W4385851924,https://openalex.org/W2963002078
https://openalex.org/W4385851924,https://openalex.org/W3112618968
https://openalex.org/W4385851924,https://openalex.org/W3131624221
https://openalex.org/W4385851924,https://openalex.org/W3178960719
https://openalex.org/W4385851924,https://openalex.org/W4311036389
https://openalex.org/W4385851924,https://openalex.org/W4385618144
https://openalex.org/W4401391237,https://openalex.org/W4281622297
https://openalex.org/W4417524637,https://openalex.org/W3129711800
https://openalex.org/W4417524637,https://openalex.org/W4224871336
https://openalex.org/W4417524637,https://openalex.org/W4366352829
https://openalex.org/W4417524637,https://openalex.org/W4388018939
https://openalex.org/W4417524637,https://openalex.org/W4401582277
https://openalex.org/W4417524637,https://openalex.org/W4403024735
https://openalex.org/W4310080604,https://openalex.org/W4280648312
https://openalex.org/W4206142808,https://openalex.org/W3153626527
https://openalex.org/W4318240969,https://openalex.org/W4321369112
https://openalex.org/W4200433150,https://openalex.org/W3133526164
https://openalex.org/W4200433150,https://openalex.org/W3136360448
https://openalex.org/W4200433150,https://openalex.org/W3185570302
https://openalex.org/W4200433150,https://openalex.org/W4293195512
https://openalex.org/W4226483070,https://openalex.org/W3209468839
https://openalex.org/W7154980030,https://openalex.org/W4394765059
https://openalex.org/W4408576723,https://openalex.org/W4394905311
https://openalex.org/W7160195797,https://openalex.org/W4414114563
https://openalex.org/W4297473357,https://openalex.org/W3127802927
https://openalex.org/W4366988616,https://openalex.org/W3198097576
https://openalex.org/W4366988616,https://openalex.org/W4210376676
https://openalex.org/W4366988616,https://openalex.org/W4318819237
https://openalex.org/W7135032103,https://openalex.org/W4400687504
https://openalex.org/W7135032103,https://openalex.org/W7116649450
https://openalex.org/W7171507449,https://openalex.org/W3173241814
https://openalex.org/W7171507449,https://openalex.org/W4387765429
https://openalex.org/W7171507449,https://openalex.org/W4406842372
https://openalex.org/W4409624556,https://openalex.org/W3125144605
https://openalex.org/W4409624556,https://openalex.org/W3195347958
https://openalex.org/W4281671840,https://openalex.org/W3134314150
https://openalex.org/W4399693399,https://openalex.org/W4318753833
https://openalex.org/W4402514803,https://openalex.org/W4226022480
https://openalex.org/W3157532629,https://openalex.org/W3149785283
https://openalex.org/W3157532629,https://openalex.org/W3172436430
https://openalex.org/W4392879269,https://openalex.org/W3156823378
https://openalex.org/W4392879269,https://openalex.org/W4210437840
https://openalex.org/W4392879269,https://openalex.org/W4210653628
https://openalex.org/W4392879269,https://openalex.org/W4289518974
https://openalex.org/W4417181791,https://openalex.org/W4206197282
https://openalex.org/W4417181791,https://openalex.org/W4402037962
https://openalex.org/W4392520321,https://openalex.org/W4317926929
https://openalex.org/W4392001609,https://openalex.org/W3162483180
https://openalex.org/W4392001609,https://openalex.org/W3181300103
https://openalex.org/W4392001609,https://openalex.org/W4382364266
https://openalex.org/W4415985454,https://openalex.org/W4412828102
https://openalex.org/W4382699905,https://openalex.org/W3120533342
https://openalex.org/W4388725593,https://openalex.org/W4381309174
https://openalex.org/W4381434143,https://openalex.org/W3164046678
https://openalex.org/W4417086488,https://openalex.org/W2963002078
https://openalex.org/W3201130850,https://openalex.org/W3092566124
https://openalex.org/W3201130850,https://openalex.org/W3162243389
https://openalex.org/W3201130850,https://openalex.org/W3188504913
https://openalex.org/W4399257114,https://openalex.org/W4381309174
https://openalex.org/W4399257114,https://openalex.org/W4388725593
https://openalex.org/W7169884397,https://openalex.org/W4311577195
https://openalex.org/W7169884397,https://openalex.org/W4401816730
https://openalex.org/W4319442556,https://openalex.org/W3118535008
https://openalex.org/W4319442556,https://openalex.org/W3211762520
https://openalex.org/W4319442556,https://openalex.org/W4224320189
https://openalex.org/W4319442556,https://openalex.org/W4293213756
https://openalex.org/W4319442556,https://openalex.org/W4303021939
https://openalex.org/W4413050916,https://openalex.org/W4315629899
https://openalex.org/W7117997033,https://openalex.org/W4391927854
https://openalex.org/W7117997033,https://openalex.org/W4407797575
https://openalex.org/W7168382462,https://openalex.org/W3194709117
https://openalex.org/W7168382462,https://openalex.org/W4399564001
https://openalex.org/W7168382462,https://openalex.org/W4402330653
https://openalex.org/W4402267979,https://openalex.org/W4365135458
https://openalex.org/W4402267979,https://openalex.org/W4384126558
https://openalex.org/W4402267979,https://openalex.org/W4396854590
https://openalex.org/W4402267979,https://openalex.org/W4406757967
https://openalex.org/W4391898790,https://openalex.org/W3129711800
https://openalex.org/W4391898790,https://openalex.org/W3200021964
https://openalex.org/W4391898790,https://openalex.org/W4224871336
https://openalex.org/W4391898790,https://openalex.org/W4307125471
https://openalex.org/W4391898790,https://openalex.org/W4313325369
https://openalex.org/W4391898790,https://openalex.org/W4386083666
https://openalex.org/W4312406186,https://openalex.org/W4226370753
https://openalex.org/W4312406186,https://openalex.org/W4283211406
https://openalex.org/W4409984652,https://openalex.org/W3209926681
https://openalex.org/W4409984652,https://openalex.org/W4385662295
https://openalex.org/W4409984652,https://openalex.org/W4400606092
https://openalex.org/W4409984652,https://openalex.org/W4402419188
https://openalex.org/W4409984652,https://openalex.org/W4408164676
https://openalex.org/W4406796161,https://openalex.org/W3130047823
https://openalex.org/W4406796161,https://openalex.org/W4281667095
https://openalex.org/W4406796161,https://openalex.org/W4321767953
https://openalex.org/W4406796161,https://openalex.org/W4391174093
https://openalex.org/W4323569056,https://openalex.org/W4315695850
https://openalex.org/W4411068573,https://openalex.org/W4311358848
https://openalex.org/W4411068573,https://openalex.org/W4379209248
https://openalex.org/W7134821105,https://openalex.org/W4385270506
https://openalex.org/W4255566531,https://openalex.org/W3158834634
https://openalex.org/W4255566531,https://openalex.org/W3201240812
https://openalex.org/W4255566531,https://openalex.org/W4234014841
https://openalex.org/W4389387350,https://openalex.org/W3126192021
https://openalex.org/W4389387350,https://openalex.org/W3126268567
https://openalex.org/W4389387350,https://openalex.org/W4226142962
https://openalex.org/W4389387350,https://openalex.org/W4283034406
https://openalex.org/W4389387350,https://openalex.org/W4312090027
https://openalex.org/W4389387350,https://openalex.org/W4376108389
https://openalex.org/W4389387350,https://openalex.org/W4387805023
https://openalex.org/W4415353556,https://openalex.org/W4327899805
https://openalex.org/W4415353556,https://openalex.org/W4386070942
https://openalex.org/W4415353556,https://openalex.org/W4402625831
https://openalex.org/W4415353556,https://openalex.org/W4412747974
https://openalex.org/W4414042838,https://openalex.org/W4308485509
https://openalex.org/W4414042838,https://openalex.org/W4414042838
https://openalex.org/W4213252554,https://openalex.org/W3169454482
https://openalex.org/W4403769712,https://openalex.org/W4385247926
https://openalex.org/W7142718748,https://openalex.org/W4366827729
https://openalex.org/W7142718748,https://openalex.org/W4388441694
https://openalex.org/W7142718748,https://openalex.org/W4407945625
https://openalex.org/W7142718748,https://openalex.org/W4410361835
https://openalex.org/W4389566330,https://openalex.org/W3193829699
https://openalex.org/W4389566330,https://openalex.org/W4224243249
https://openalex.org/W4389566330,https://openalex.org/W4283376225
https://openalex.org/W4389566330,https://openalex.org/W4386241643
https://openalex.org/W4290729345,https://openalex.org/W3136224075
https://openalex.org/W4290729345,https://openalex.org/W3181584602
https://openalex.org/W4290729345,https://openalex.org/W3217537874
https://openalex.org/W4408328132,https://openalex.org/W3129341320
https://openalex.org/W4387702430,https://openalex.org/W3209730426
https://openalex.org/W4387702430,https://openalex.org/W4213428903
https://openalex.org/W4414472124,https://openalex.org/W4410596790
https://openalex.org/W7170093222,https://openalex.org/W4396868358
https://openalex.org/W7170093222,https://openalex.org/W4403597013
https://openalex.org/W7170093222,https://openalex.org/W4406288367
https://openalex.org/W7170093222,https://openalex.org/W4410038996
https://openalex.org/W7170093222,https://openalex.org/W4415991820
https://openalex.org/W7170093222,https://openalex.org/W7117299631
https://openalex.org/W7170093222,https://openalex.org/W7143912401
https://openalex.org/W7170093222,https://openalex.org/W7163326300
https://openalex.org/W7170093222,https://openalex.org/W7164550604
https://openalex.org/W3209463098,https://openalex.org/W3199202305
https://openalex.org/W4406518574,https://openalex.org/W3023466566
https://openalex.org/W4221148127,https://openalex.org/W3122059388
https://openalex.org/W4221148127,https://openalex.org/W3216098551
https://openalex.org/W4221148127,https://openalex.org/W4221078539
https://openalex.org/W4312205847,https://openalex.org/W3119232697
https://openalex.org/W4312205847,https://openalex.org/W3165178846
https://openalex.org/W7211924900,https://openalex.org/W4408716233
https://openalex.org/W4389979069,https://openalex.org/W3110713251
https://openalex.org/W4389979069,https://openalex.org/W3207710992
https://openalex.org/W4389979069,https://openalex.org/W3214683409
https://openalex.org/W4389979069,https://openalex.org/W4225407198
https://openalex.org/W4389979069,https://openalex.org/W4281660682
https://openalex.org/W4403648369,https://openalex.org/W3174334615
https://openalex.org/W4412786560,https://openalex.org/W4224999681
https://openalex.org/W4412786560,https://openalex.org/W4404282171
https://openalex.org/W4392506286,https://openalex.org/W4390889423
https://openalex.org/W4396806557,https://openalex.org/W4388655886
https://openalex.org/W4401182412,https://openalex.org/W4242851664
https://openalex.org/W4401182412,https://openalex.org/W4401182412
https://openalex.org/W4210867615,https://openalex.org/W3179812603
https://openalex.org/W4210867615,https://openalex.org/W4225693885
https://openalex.org/W4226409388,https://openalex.org/W4401418842
https://openalex.org/W4312645560,https://openalex.org/W3120784776
https://openalex.org/W4312645560,https://openalex.org/W3135010812
https://openalex.org/W4312645560,https://openalex.org/W4287846829
https://openalex.org/W4412617084,https://openalex.org/W4408007384
https://openalex.org/W4390588183,https://openalex.org/W4377232971
https://openalex.org/W4411363028,https://openalex.org/W4392230263
https://openalex.org/W4397041465,https://openalex.org/W3157427343
https://openalex.org/W4397041465,https://openalex.org/W4213156669
https://openalex.org/W7164519958,https://openalex.org/W4399996476
https://openalex.org/W7128472453,https://openalex.org/W4292452314
https://openalex.org/W7128472453,https://openalex.org/W4403965451
https://openalex.org/W4306828719,https://openalex.org/W3172547656
https://openalex.org/W4401014501,https://openalex.org/W4399201444
https://openalex.org/W4414222377,https://openalex.org/W4319730355
https://openalex.org/W4414222377,https://openalex.org/W4385802926
https://openalex.org/W7160063743,https://openalex.org/W3161569737
https://openalex.org/W7160063743,https://openalex.org/W4382021612
https://openalex.org/W7160063743,https://openalex.org/W4399478108
https://openalex.org/W7160063743,https://openalex.org/W4411370531
https://openalex.org/W4225407198,https://openalex.org/W3084641928
https://openalex.org/W4225701851,https://openalex.org/W3118660848
https://openalex.org/W4225701851,https://openalex.org/W3136498054
https://openalex.org/W4402054670,https://openalex.org/W4376619026
https://openalex.org/W4385683689,https://openalex.org/W4205783479
https://openalex.org/W4385683689,https://openalex.org/W4313608416
https://openalex.org/W4385683689,https://openalex.org/W4319063363
https://openalex.org/W4385683689,https://openalex.org/W4320710181
https://openalex.org/W7119524604,https://openalex.org/W4292092839
https://openalex.org/W7119524604,https://openalex.org/W4415907821
https://openalex.org/W4404864724,https://openalex.org/W3129711800
https://openalex.org/W4404864724,https://openalex.org/W3169530204
https://openalex.org/W4404864724,https://openalex.org/W3197848201
https://openalex.org/W4404864724,https://openalex.org/W4307125471
https://openalex.org/W4404864724,https://openalex.org/W4386485017
https://openalex.org/W4387196486,https://openalex.org/W3135433568
https://openalex.org/W7158760534,https://openalex.org/W4300689996
https://openalex.org/W4399201444,https://openalex.org/W4367044411
https://openalex.org/W4404794560,https://openalex.org/W3128706275
https://openalex.org/W4404794560,https://openalex.org/W4391248667
https://openalex.org/W4380634207,https://openalex.org/W4290839546
https://openalex.org/W4380634207,https://openalex.org/W4313379763
https://openalex.org/W4313240890,https://openalex.org/W3124160134
https://openalex.org/W4313240890,https://openalex.org/W3138990775
https://openalex.org/W4313240890,https://openalex.org/W3198335193
https://openalex.org/W4313240890,https://openalex.org/W4283015625
https://openalex.org/W4313240890,https://openalex.org/W4283368337
https://openalex.org/W4361201139,https://openalex.org/W3185740305
https://openalex.org/W4361201139,https://openalex.org/W4282971422
https://openalex.org/W4407686797,https://openalex.org/W4320481969
https://openalex.org/W4407686797,https://openalex.org/W4399050652
https://openalex.org/W4416757927,https://openalex.org/W3159112551
https://openalex.org/W4416757927,https://openalex.org/W3215162656
https://openalex.org/W4416757927,https://openalex.org/W4221063824
https://openalex.org/W4416757927,https://openalex.org/W4379053774
https://openalex.org/W4416757927,https://openalex.org/W4396870200
https://openalex.org/W4366087979,https://openalex.org/W4224243249
https://openalex.org/W4366087979,https://openalex.org/W4322632311
https://openalex.org/W4297236088,https://openalex.org/W3125193838
https://openalex.org/W4297236088,https://openalex.org/W3205108747
https://openalex.org/W4297236088,https://openalex.org/W4220894822
https://openalex.org/W7162987582,https://openalex.org/W3173241814
https://openalex.org/W4311434604,https://openalex.org/W4308512227
https://openalex.org/W4388280862,https://openalex.org/W3201799066
https://openalex.org/W4388280862,https://openalex.org/W3212927816
https://openalex.org/W4409310918,https://openalex.org/W3126680560
https://openalex.org/W4409310918,https://openalex.org/W4405047176
https://openalex.org/W7204148754,https://openalex.org/W4406161753
https://openalex.org/W7204148754,https://openalex.org/W4410058352
https://openalex.org/W7172030484,https://openalex.org/W3159965249
https://openalex.org/W7172030484,https://openalex.org/W4378783628
https://openalex.org/W7172030484,https://openalex.org/W4405941268
https://openalex.org/W7172030484,https://openalex.org/W4410511763
https://openalex.org/W7172030484,https://openalex.org/W4415711896
https://openalex.org/W4401684286,https://openalex.org/W4317762145
https://openalex.org/W4415753122,https://openalex.org/W4361215213
https://openalex.org/W4415753122,https://openalex.org/W4385740330
https://openalex.org/W4379208975,https://openalex.org/W4304823292
https://openalex.org/W4409533307,https://openalex.org/W4281803236
https://openalex.org/W4386874002,https://openalex.org/W4206537553
https://openalex.org/W3165542633,https://openalex.org/W3118786201
https://openalex.org/W3165542633,https://openalex.org/W3128924029
https://openalex.org/W3165542633,https://openalex.org/W3165542633
https://openalex.org/W3165542633,https://openalex.org/W3175434968
https://openalex.org/W4394783486,https://openalex.org/W4282031027
https://openalex.org/W4394783486,https://openalex.org/W4283690435
https://openalex.org/W4394783486,https://openalex.org/W4311434604
https://openalex.org/W4394783486,https://openalex.org/W4381853480
https://openalex.org/W7117986743,https://openalex.org/W3215162656
https://openalex.org/W4281779019,https://openalex.org/W4280637657
https://openalex.org/W7161234366,https://openalex.org/W4367046445
https://openalex.org/W7161234366,https://openalex.org/W4391155210
https://openalex.org/W7161234366,https://openalex.org/W4392088634
https://openalex.org/W4406061922,https://openalex.org/W4399561145
https://openalex.org/W4416324071,https://openalex.org/W3196742605
https://openalex.org/W4416324071,https://openalex.org/W3201238766
https://openalex.org/W4416324071,https://openalex.org/W4388704902
https://openalex.org/W4390235367,https://openalex.org/W2963002078
https://openalex.org/W4390235367,https://openalex.org/W4389546445
https://openalex.org/W4390235367,https://openalex.org/W4390235367
https://openalex.org/W4391109490,https://openalex.org/W3130566328
https://openalex.org/W4391109490,https://openalex.org/W3174375172
https://openalex.org/W4391109490,https://openalex.org/W3184319873
https://openalex.org/W4391109490,https://openalex.org/W4210310905
https://openalex.org/W4391109490,https://openalex.org/W4292454820
https://openalex.org/W4391109490,https://openalex.org/W4304587499
https://openalex.org/W4391109490,https://openalex.org/W4385439370
https://openalex.org/W4408581698,https://openalex.org/W4205107268
https://openalex.org/W4396832429,https://openalex.org/W4200099481
https://openalex.org/W4399068483,https://openalex.org/W4285587776
https://openalex.org/W4399068483,https://openalex.org/W4399068483
https://openalex.org/W4401588390,https://openalex.org/W3136777397
https://openalex.org/W4401588390,https://openalex.org/W3166296073
https://openalex.org/W4401588390,https://openalex.org/W4205107268
https://openalex.org/W4401588390,https://openalex.org/W4213449012
https://openalex.org/W4401588390,https://openalex.org/W4366496085
https://openalex.org/W4401588390,https://openalex.org/W4382930440
https://openalex.org/W4387849171,https://openalex.org/W4200061208
https://openalex.org/W4288034651,https://openalex.org/W4281620518
https://openalex.org/W4288034651,https://openalex.org/W4288047534
https://openalex.org/W4400728931,https://openalex.org/W4281781931
https://openalex.org/W4400728931,https://openalex.org/W4385852760
https://openalex.org/W7167640554,https://openalex.org/W4284893902
https://openalex.org/W7167640554,https://openalex.org/W4413035507
https://openalex.org/W7167640554,https://openalex.org/W7134056651
https://openalex.org/W7140276187,https://openalex.org/W4408223592
https://openalex.org/W4415104054,https://openalex.org/W4210653628
https://openalex.org/W4415104054,https://openalex.org/W4289518974
https://openalex.org/W4415104054,https://openalex.org/W4402599931
https://openalex.org/W7160840020,https://openalex.org/W4395072014
https://openalex.org/W4413069412,https://openalex.org/W3162207019
https://openalex.org/W4413069412,https://openalex.org/W4396535259
https://openalex.org/W4413069412,https://openalex.org/W4399813972
https://openalex.org/W4413069412,https://openalex.org/W4404335910
https://openalex.org/W4413069412,https://openalex.org/W4414164230
https://openalex.org/W4411992631,https://openalex.org/W4390910994
https://openalex.org/W4387798138,https://openalex.org/W4308774076
https://openalex.org/W3213657016,https://openalex.org/W3213657016
https://openalex.org/W4293716152,https://openalex.org/W4232237566
https://openalex.org/W4225463282,https://openalex.org/W3161887883
https://openalex.org/W4225463282,https://openalex.org/W3204011834
https://openalex.org/W7123336330,https://openalex.org/W4376637223
https://openalex.org/W7123336330,https://openalex.org/W4406427847
https://openalex.org/W4411309823,https://openalex.org/W4407131452
https://openalex.org/W4409761641,https://openalex.org/W3134615649
https://openalex.org/W4409761641,https://openalex.org/W4391577922
https://openalex.org/W4409761641,https://openalex.org/W4399388378
https://openalex.org/W4398188972,https://openalex.org/W3176114356
https://openalex.org/W4221161559,https://openalex.org/W3178960719
https://openalex.org/W4221161559,https://openalex.org/W4214579071
https://openalex.org/W4221161559,https://openalex.org/W4285805793
https://openalex.org/W7130593876,https://openalex.org/W3201238766
https://openalex.org/W7131133311,https://openalex.org/W4388033873
https://openalex.org/W7131133311,https://openalex.org/W4401335746
https://openalex.org/W7147606305,https://openalex.org/W3212636021
https://openalex.org/W4385691079,https://openalex.org/W3112228891
https://openalex.org/W4390839238,https://openalex.org/W3212635500
https://openalex.org/W4390839238,https://openalex.org/W4292379602
https://openalex.org/W4390839238,https://openalex.org/W4292651677
https://openalex.org/W4390839238,https://openalex.org/W4317473277
https://openalex.org/W4390839238,https://openalex.org/W4383558567
https://openalex.org/W7202126545,https://openalex.org/W4394905311
https://openalex.org/W4412490971,https://openalex.org/W3185053343
https://openalex.org/W4412490971,https://openalex.org/W4210709423
https://openalex.org/W4412490971,https://openalex.org/W4283071033
https://openalex.org/W4412490971,https://openalex.org/W4288074554
https://openalex.org/W4412490971,https://openalex.org/W4289868138
https://openalex.org/W4412490971,https://openalex.org/W4310086069
https://openalex.org/W4412490971,https://openalex.org/W4377967666
https://openalex.org/W4412490971,https://openalex.org/W4403244511
https://openalex.org/W4413275182,https://openalex.org/W4382393957
https://openalex.org/W4411517048,https://openalex.org/W4392658650
https://openalex.org/W4411517048,https://openalex.org/W4394012930
https://openalex.org/W4387006966,https://openalex.org/W4319729410
https://openalex.org/W4409001417,https://openalex.org/W4401211655
https://openalex.org/W4409001417,https://openalex.org/W4414117834
https://openalex.org/W4403118622,https://openalex.org/W3161010337
https://openalex.org/W4407571219,https://openalex.org/W3189015187
https://openalex.org/W4407571219,https://openalex.org/W4388812826
https://openalex.org/W4407412483,https://openalex.org/W4379879086
https://openalex.org/W4407412483,https://openalex.org/W4390037316
https://openalex.org/W4407412483,https://openalex.org/W4391302255
https://openalex.org/W4368249597,https://openalex.org/W3193079297
https://openalex.org/W4288084253,https://openalex.org/W3153626527
https://openalex.org/W4288084253,https://openalex.org/W4226087386
https://openalex.org/W4409696876,https://openalex.org/W3155806984
https://openalex.org/W7202297699,https://openalex.org/W4407872295
https://openalex.org/W4322491964,https://openalex.org/W3140674682
https://openalex.org/W4408780273,https://openalex.org/W4405530931
https://openalex.org/W2970524082,https://openalex.org/W2966129118
https://openalex.org/W4367298627,https://openalex.org/W4319603735
https://openalex.org/W4410288505,https://openalex.org/W4307415559
https://openalex.org/W3135123986,https://openalex.org/W3122209643
https://openalex.org/W3135123986,https://openalex.org/W3126627207
https://openalex.org/W4309187314,https://openalex.org/W4285388886
https://openalex.org/W4311765957,https://openalex.org/W4220894822
https://openalex.org/W3197485399,https://openalex.org/W3134195618
https://openalex.org/W4205419016,https://openalex.org/W3176852009
https://openalex.org/W4294585355,https://openalex.org/W4206021274
https://openalex.org/W4384560535,https://openalex.org/W3112618968
https://openalex.org/W4384560535,https://openalex.org/W3178960719
https://openalex.org/W4221156556,https://openalex.org/W3134560764
https://openalex.org/W4306174501,https://openalex.org/W4213126820
https://openalex.org/W4306174501,https://openalex.org/W4214887011
https://openalex.org/W4414380473,https://openalex.org/W4224228901
https://openalex.org/W4410321525,https://openalex.org/W3119125141
https://openalex.org/W4410321525,https://openalex.org/W3123173603
https://openalex.org/W4410321525,https://openalex.org/W3199646181
https://openalex.org/W4410321525,https://openalex.org/W4280492942
https://openalex.org/W3199261654,https://openalex.org/W3199261654
https://openalex.org/W4214863464,https://openalex.org/W3133329762
https://openalex.org/W4214863464,https://openalex.org/W3134195618
https://openalex.org/W4214863464,https://openalex.org/W3169520380
https://openalex.org/W4404630690,https://openalex.org/W4214545707
https://openalex.org/W7154611565,https://openalex.org/W3208324124
https://openalex.org/W7154611565,https://openalex.org/W4320342317
https://openalex.org/W4407411968,https://openalex.org/W4390037316
https://openalex.org/W4309343190,https://openalex.org/W3162960186
https://openalex.org/W4406169499,https://openalex.org/W4310805930
https://openalex.org/W4406169499,https://openalex.org/W4323294935
https://openalex.org/W4409619224,https://openalex.org/W4392625154
https://openalex.org/W4405755678,https://openalex.org/W4285504037
https://openalex.org/W7164563045,https://openalex.org/W4394564357
https://openalex.org/W7164563045,https://openalex.org/W4397006217
https://openalex.org/W7160546854,https://openalex.org/W4399046496
https://openalex.org/W7160546854,https://openalex.org/W4417124163
https://openalex.org/W7160546854,https://openalex.org/W7155224307
https://openalex.org/W4405506634,https://openalex.org/W3126192021
https://openalex.org/W4405506634,https://openalex.org/W4387805023
https://openalex.org/W4405506634,https://openalex.org/W4389387350
https://openalex.org/W4385519419,https://openalex.org/W4315574119
https://openalex.org/W7203580075,https://openalex.org/W4280535988
https://openalex.org/W7203580075,https://openalex.org/W4399783697
https://openalex.org/W7126074666,https://openalex.org/W4402434794
https://openalex.org/W7160284685,https://openalex.org/W4405726218
https://openalex.org/W4403779866,https://openalex.org/W3118692929
https://openalex.org/W4403779866,https://openalex.org/W3197848201
https://openalex.org/W4403779866,https://openalex.org/W4387443097
https://openalex.org/W4386889187,https://openalex.org/W4311268246
https://openalex.org/W4386889187,https://openalex.org/W4313406596
https://openalex.org/W4324149948,https://openalex.org/W4213428903
https://openalex.org/W4399480363,https://openalex.org/W4220863096
https://openalex.org/W4399480363,https://openalex.org/W4318819904
https://openalex.org/W4411617420,https://openalex.org/W4360843951
https://openalex.org/W4229002009,https://openalex.org/W3188985572
https://openalex.org/W4229002009,https://openalex.org/W3197464514
https://openalex.org/W4229002009,https://openalex.org/W3198535020
https://openalex.org/W4366091570,https://openalex.org/W3129892326
https://openalex.org/W4366091570,https://openalex.org/W3167088720
https://openalex.org/W4366091570,https://openalex.org/W3210032307
https://openalex.org/W4366091570,https://openalex.org/W4214879128
https://openalex.org/W4378843264,https://openalex.org/W4225357251
https://openalex.org/W4378843264,https://openalex.org/W4225707769
https://openalex.org/W4378843264,https://openalex.org/W4280548104
https://openalex.org/W4287509796,https://openalex.org/W3155320021
https://openalex.org/W4385953783,https://openalex.org/W4297886833
https://openalex.org/W4385953783,https://openalex.org/W4366452046
https://openalex.org/W4401241558,https://openalex.org/W4399042156
https://openalex.org/W7165561485,https://openalex.org/W4295034883
https://openalex.org/W7165561485,https://openalex.org/W4378418204
https://openalex.org/W7165561485,https://openalex.org/W4401560296
https://openalex.org/W4281897038,https://openalex.org/W2989993629
https://openalex.org/W4281897038,https://openalex.org/W3123703095
https://openalex.org/W4281897038,https://openalex.org/W3171061937
https://openalex.org/W4395463141,https://openalex.org/W4395463141
https://openalex.org/W4283368337,https://openalex.org/W3138990775
https://openalex.org/W4283368337,https://openalex.org/W3154925182
https://openalex.org/W4398779286,https://openalex.org/W4393084824
https://openalex.org/W4404164528,https://openalex.org/W4384808081
https://openalex.org/W4404164528,https://openalex.org/W4386889187
https://openalex.org/W7131664114,https://openalex.org/W4285294075
https://openalex.org/W7155046811,https://openalex.org/W4280607484
https://openalex.org/W4283750700,https://openalex.org/W3195285363
https://openalex.org/W4391347460,https://openalex.org/W4297441178
https://openalex.org/W4405912126,https://openalex.org/W4399866236
https://openalex.org/W4296709999,https://openalex.org/W3198783871
https://openalex.org/W4296709999,https://openalex.org/W4296709999
https://openalex.org/W4415726622,https://openalex.org/W4405536722
https://openalex.org/W4400709991,https://openalex.org/W4382656802
https://openalex.org/W4282932639,https://openalex.org/W3111752257
https://openalex.org/W4282932639,https://openalex.org/W3112618968
https://openalex.org/W4282932639,https://openalex.org/W3178960719
https://openalex.org/W7160655316,https://openalex.org/W7166862323
https://openalex.org/W7163017957,https://openalex.org/W4412959125
https://openalex.org/W4386438687,https://openalex.org/W3118666024
https://openalex.org/W4386438687,https://openalex.org/W3167739453
https://openalex.org/W4386438687,https://openalex.org/W3208577405
https://openalex.org/W4386438687,https://openalex.org/W4282916257
https://openalex.org/W4386438687,https://openalex.org/W4293577309
https://openalex.org/W4387950158,https://openalex.org/W3135485603
https://openalex.org/W4401423151,https://openalex.org/W4389498823
https://openalex.org/W4416683506,https://openalex.org/W3111773084
https://openalex.org/W4416683506,https://openalex.org/W3128834303
https://openalex.org/W4416683506,https://openalex.org/W4404449889
https://openalex.org/W4310769040,https://openalex.org/W4310648975
https://openalex.org/W4226043498,https://openalex.org/W3090176141
https://openalex.org/W4226043498,https://openalex.org/W3143096508
https://openalex.org/W4386640678,https://openalex.org/W3198535020
https://openalex.org/W4376503729,https://openalex.org/W4376503729
https://openalex.org/W4402351879,https://openalex.org/W4318187172
https://openalex.org/W4402351879,https://openalex.org/W4398771436
https://openalex.org/W4387650941,https://openalex.org/W4223970269
https://openalex.org/W4387650941,https://openalex.org/W4282928318
https://openalex.org/W4387650941,https://openalex.org/W4322754421
https://openalex.org/W4387650941,https://openalex.org/W4387650941
https://openalex.org/W4282973403,https://openalex.org/W3216666167
https://openalex.org/W4407760153,https://openalex.org/W4308104477
https://openalex.org/W4417506903,https://openalex.org/W4366452046
https://openalex.org/W4417506903,https://openalex.org/W4403449031
https://openalex.org/W4417506903,https://openalex.org/W4403751028
https://openalex.org/W4389560339,https://openalex.org/W3203384795
https://openalex.org/W4401540997,https://openalex.org/W2963002078
https://openalex.org/W4401540997,https://openalex.org/W4206963741
https://openalex.org/W4401567686,https://openalex.org/W4312219141
https://openalex.org/W4414377887,https://openalex.org/W4224243249
https://openalex.org/W4414377887,https://openalex.org/W4311379053
https://openalex.org/W4414377887,https://openalex.org/W4386241643
https://openalex.org/W4414377887,https://openalex.org/W4389566330
https://openalex.org/W4414377887,https://openalex.org/W4403790719
https://openalex.org/W4414377887,https://openalex.org/W4404538276
https://openalex.org/W4414401337,https://openalex.org/W4308294082
https://openalex.org/W4395665878,https://openalex.org/W4281291537
https://openalex.org/W4395665878,https://openalex.org/W4362523216
https://openalex.org/W4395665878,https://openalex.org/W4390409779
https://openalex.org/W4395665878,https://openalex.org/W4391052115
https://openalex.org/W4412703123,https://openalex.org/W3047195675
https://openalex.org/W4412703123,https://openalex.org/W3167768535
https://openalex.org/W4412703123,https://openalex.org/W4404142846
https://openalex.org/W4213401759,https://openalex.org/W3131624221
https://openalex.org/W4213401759,https://openalex.org/W3151486971
https://openalex.org/W4213401759,https://openalex.org/W3178960719
https://openalex.org/W4405966495,https://openalex.org/W4210754996
https://openalex.org/W7161150633,https://openalex.org/W4388336330
https://openalex.org/W4408716233,https://openalex.org/W3200154406
https://openalex.org/W4408716233,https://openalex.org/W4365563289
https://openalex.org/W4408716233,https://openalex.org/W4385603877
https://openalex.org/W4408187534,https://openalex.org/W4285048842
https://openalex.org/W4408187534,https://openalex.org/W4312198703
https://openalex.org/W4408187534,https://openalex.org/W4392123970
https://openalex.org/W4312204992,https://openalex.org/W3152903210
https://openalex.org/W4312204992,https://openalex.org/W4220894285
https://openalex.org/W4402484204,https://openalex.org/W4285810273
https://openalex.org/W4402484204,https://openalex.org/W4313405122
https://openalex.org/W4402484204,https://openalex.org/W4396832304
https://openalex.org/W4402484204,https://openalex.org/W4399488775
https://openalex.org/W4402484204,https://openalex.org/W4399488879
https://openalex.org/W4410873478,https://openalex.org/W4365135458
https://openalex.org/W4410873478,https://openalex.org/W4384126558
https://openalex.org/W4410873478,https://openalex.org/W4396854590
https://openalex.org/W4410873478,https://openalex.org/W4402267979
https://openalex.org/W4410873478,https://openalex.org/W4406757967
https://openalex.org/W4396723559,https://openalex.org/W4308179883
https://openalex.org/W4396723559,https://openalex.org/W4316464032
https://openalex.org/W4396723559,https://openalex.org/W4378981140
https://openalex.org/W4399081895,https://openalex.org/W3185120546
https://openalex.org/W4399081895,https://openalex.org/W4311019977
https://openalex.org/W4393219012,https://openalex.org/W3194947502
https://openalex.org/W7160204564,https://openalex.org/W4221002349
https://openalex.org/W4286456962,https://openalex.org/W4200288296
https://openalex.org/W4286456962,https://openalex.org/W4221062318
https://openalex.org/W4281703310,https://openalex.org/W3121709350
https://openalex.org/W4281703310,https://openalex.org/W3156446579
https://openalex.org/W4413522594,https://openalex.org/W4224999681
https://openalex.org/W4321433777,https://openalex.org/W4306250673
https://openalex.org/W4386786276,https://openalex.org/W3157770066
https://openalex.org/W4386786276,https://openalex.org/W4280603289
https://openalex.org/W4386786276,https://openalex.org/W4283752180
https://openalex.org/W4414065092,https://openalex.org/W4404004463
https://openalex.org/W4367313311,https://openalex.org/W3112618968
https://openalex.org/W4367313311,https://openalex.org/W3178960719
https://openalex.org/W4292519193,https://openalex.org/W3199202305
https://openalex.org/W4292519193,https://openalex.org/W3206812573
https://openalex.org/W4292519193,https://openalex.org/W4283396386
https://openalex.org/W4210328413,https://openalex.org/W3181777454
https://openalex.org/W4407303901,https://openalex.org/W4310449368
https://openalex.org/W4407303901,https://openalex.org/W4312219141
https://openalex.org/W4407303901,https://openalex.org/W4361029949
https://openalex.org/W4407303901,https://openalex.org/W4378842868
https://openalex.org/W4407303901,https://openalex.org/W4390606267
https://openalex.org/W4407303901,https://openalex.org/W4393864284
https://openalex.org/W4309880027,https://openalex.org/W3131234890
https://openalex.org/W4309880027,https://openalex.org/W3135434353
https://openalex.org/W4401117552,https://openalex.org/W4317932677
https://openalex.org/W4401117552,https://openalex.org/W4386346874
https://openalex.org/W4401117552,https://openalex.org/W4388718831
https://openalex.org/W4403342716,https://openalex.org/W3160310477
https://openalex.org/W4403342716,https://openalex.org/W4280494325
https://openalex.org/W4387324486,https://openalex.org/W4386287045
https://openalex.org/W4400582880,https://openalex.org/W4320917382
https://openalex.org/W4408080273,https://openalex.org/W4226322736
https://openalex.org/W4403680390,https://openalex.org/W4220739262
https://openalex.org/W4403680390,https://openalex.org/W4284689619
https://openalex.org/W4403680390,https://openalex.org/W4360584209
https://openalex.org/W4313398243,https://openalex.org/W3179856022
https://openalex.org/W4313398243,https://openalex.org/W3199411865
https://openalex.org/W4313398243,https://openalex.org/W4200201621
https://openalex.org/W4308204242,https://openalex.org/W3121483229
https://openalex.org/W4308204242,https://openalex.org/W4200501218
https://openalex.org/W4308204242,https://openalex.org/W4210298264
https://openalex.org/W7163661672,https://openalex.org/W4292998972
https://openalex.org/W7163661672,https://openalex.org/W4313294959
https://openalex.org/W7163661672,https://openalex.org/W7128923844
https://openalex.org/W4319333888,https://openalex.org/W3155320021
https://openalex.org/W4416292641,https://openalex.org/W4281254186
https://openalex.org/W4416292641,https://openalex.org/W4372316714
https://openalex.org/W4416292641,https://openalex.org/W4389607765
https://openalex.org/W4416292641,https://openalex.org/W4399807549
https://openalex.org/W4416292641,https://openalex.org/W4407247502
https://openalex.org/W4384828301,https://openalex.org/W3178960719
https://openalex.org/W4391308538,https://openalex.org/W3209696637
https://openalex.org/W4391308538,https://openalex.org/W4281706200
https://openalex.org/W4293199825,https://openalex.org/W4297887464
https://openalex.org/W4402306562,https://openalex.org/W2963002078
https://openalex.org/W4402306562,https://openalex.org/W3120569425
https://openalex.org/W4402306562,https://openalex.org/W4401211033
https://openalex.org/W4402452267,https://openalex.org/W3131572721
https://openalex.org/W4402452267,https://openalex.org/W3198097576
https://openalex.org/W4411651585,https://openalex.org/W4396921301
https://openalex.org/W4405371533,https://openalex.org/W3209815842
https://openalex.org/W4405371533,https://openalex.org/W4404187507
https://openalex.org/W7120122620,https://openalex.org/W4313312498
https://openalex.org/W4399782687,https://openalex.org/W3167585398
https://openalex.org/W4399782687,https://openalex.org/W4212808877
https://openalex.org/W4410497564,https://openalex.org/W4214895181
https://openalex.org/W4410497564,https://openalex.org/W4224309308
https://openalex.org/W4286561722,https://openalex.org/W3182540222
https://openalex.org/W4286561722,https://openalex.org/W4286561722
https://openalex.org/W3207791258,https://openalex.org/W3118346788
https://openalex.org/W4417460330,https://openalex.org/W4385411273
https://openalex.org/W4417460330,https://openalex.org/W4392546441
https://openalex.org/W3203384795,https://openalex.org/W3193544778
https://openalex.org/W4415234249,https://openalex.org/W3175948677
https://openalex.org/W4386475257,https://openalex.org/W3112618968
https://openalex.org/W4402043073,https://openalex.org/W4389053628
https://openalex.org/W7126032840,https://openalex.org/W4205238289
https://openalex.org/W7126032840,https://openalex.org/W4385422641
https://openalex.org/W4403551991,https://openalex.org/W4389572363
https://openalex.org/W4399274867,https://openalex.org/W4224995928
https://openalex.org/W4399274867,https://openalex.org/W4311029834
https://openalex.org/W4399274867,https://openalex.org/W4394582117
https://openalex.org/W3157728046,https://openalex.org/W3133042336
https://openalex.org/W4225556556,https://openalex.org/W4225710869
https://openalex.org/W4225556556,https://openalex.org/W4393424933
https://openalex.org/W3203217270,https://openalex.org/W3165052511
https://openalex.org/W4415884665,https://openalex.org/W3129606745
https://openalex.org/W4415884665,https://openalex.org/W3217003056
https://openalex.org/W4415884665,https://openalex.org/W4211146073
https://openalex.org/W4286497165,https://openalex.org/W3162450672
https://openalex.org/W4234329723,https://openalex.org/W3119232002
https://openalex.org/W4388820256,https://openalex.org/W4226017481
https://openalex.org/W4415504720,https://openalex.org/W4412079659
https://openalex.org/W4205852692,https://openalex.org/W3198730646
https://openalex.org/W4404757911,https://openalex.org/W4285810273
https://openalex.org/W4404757911,https://openalex.org/W4365459366
https://openalex.org/W4404757911,https://openalex.org/W4395072692
https://openalex.org/W4229369889,https://openalex.org/W3126627207
https://openalex.org/W4229369889,https://openalex.org/W3135123986
https://openalex.org/W7117538553,https://openalex.org/W4400648397
https://openalex.org/W7117538553,https://openalex.org/W4406309576
https://openalex.org/W7117538553,https://openalex.org/W4412603265
https://openalex.org/W4413462034,https://openalex.org/W4404299612
https://openalex.org/W4413462034,https://openalex.org/W4406157417
https://openalex.org/W4413462034,https://openalex.org/W4406157736
https://openalex.org/W4413462034,https://openalex.org/W4410364351
https://openalex.org/W3201222696,https://openalex.org/W3130782880
https://openalex.org/W3201222696,https://openalex.org/W3173221507
https://openalex.org/W3132133028,https://openalex.org/W3126968490
https://openalex.org/W4322489673,https://openalex.org/W4205987388
https://openalex.org/W4399807549,https://openalex.org/W4389607765
https://openalex.org/W4410319489,https://openalex.org/W4200017820
https://openalex.org/W4410319489,https://openalex.org/W4225134613
https://openalex.org/W4410319489,https://openalex.org/W4323921340
https://openalex.org/W4414285015,https://openalex.org/W4289333691
https://openalex.org/W4414285015,https://openalex.org/W4405005881
https://openalex.org/W4294864632,https://openalex.org/W3129711800
https://openalex.org/W4294864632,https://openalex.org/W3175629170
https://openalex.org/W4294864632,https://openalex.org/W3184968032
https://openalex.org/W4294864632,https://openalex.org/W3200021964
https://openalex.org/W4294864632,https://openalex.org/W4224871336
https://openalex.org/W4290706156,https://openalex.org/W3125018023
https://openalex.org/W4290706156,https://openalex.org/W3150860489
https://openalex.org/W4290706156,https://openalex.org/W3154775884
https://openalex.org/W4290706156,https://openalex.org/W3203793663
https://openalex.org/W3120533342,https://openalex.org/W3175291985
https://openalex.org/W3120533342,https://openalex.org/W4214818211
https://openalex.org/W7208704599,https://openalex.org/W4309677687
https://openalex.org/W4386945943,https://openalex.org/W4367047617
https://openalex.org/W4386945943,https://openalex.org/W4386945943
https://openalex.org/W7154842385,https://openalex.org/W4407156724
https://openalex.org/W4379647637,https://openalex.org/W3090767258
https://openalex.org/W4379647637,https://openalex.org/W3210040080
https://openalex.org/W4379647637,https://openalex.org/W4297237783
https://openalex.org/W4402626503,https://openalex.org/W4399042156
https://openalex.org/W7164550604,https://openalex.org/W4403597013
https://openalex.org/W7164550604,https://openalex.org/W4406288367
https://openalex.org/W7164550604,https://openalex.org/W4410038996
https://openalex.org/W7164550604,https://openalex.org/W4415991820
https://openalex.org/W7125908166,https://openalex.org/W4313466109
https://openalex.org/W4200571609,https://openalex.org/W3112618968
https://openalex.org/W4200571609,https://openalex.org/W3205009510
https://openalex.org/W4413035507,https://openalex.org/W4284893902
https://openalex.org/W4413035507,https://openalex.org/W4386735420
https://openalex.org/W4413035507,https://openalex.org/W4413035507
https://openalex.org/W4392523042,https://openalex.org/W3164962350
https://openalex.org/W4392523042,https://openalex.org/W3184968032
https://openalex.org/W4392523042,https://openalex.org/W4210275647
https://openalex.org/W4392523042,https://openalex.org/W4224871336
https://openalex.org/W4392523042,https://openalex.org/W4286492152
https://openalex.org/W4392523042,https://openalex.org/W4307125471
https://openalex.org/W4392523042,https://openalex.org/W4366352829
https://openalex.org/W4205241237,https://openalex.org/W3165052511
https://openalex.org/W4282921883,https://openalex.org/W3166679998
https://openalex.org/W4322632311,https://openalex.org/W3122990902
https://openalex.org/W4322632311,https://openalex.org/W4297409705
https://openalex.org/W3170125905,https://openalex.org/W4398290480
https://openalex.org/W4296619952,https://openalex.org/W4223992310
https://openalex.org/W4296619952,https://openalex.org/W4282007552
https://openalex.org/W3213588909,https://openalex.org/W3211383864
https://openalex.org/W4243447653,https://openalex.org/W3126665462
https://openalex.org/W4243447653,https://openalex.org/W3136533732
https://openalex.org/W4243447653,https://openalex.org/W3153769838
https://openalex.org/W4243447653,https://openalex.org/W3159111439
https://openalex.org/W4243447653,https://openalex.org/W3174741611
https://openalex.org/W4243447653,https://openalex.org/W3195176717
https://openalex.org/W4243447653,https://openalex.org/W4285732530
https://openalex.org/W4389768687,https://openalex.org/W4226022480
https://openalex.org/W7147437571,https://openalex.org/W4410451354
https://openalex.org/W4200078330,https://openalex.org/W3101000142
https://openalex.org/W4200078330,https://openalex.org/W3112618968
https://openalex.org/W4200078330,https://openalex.org/W3135045610
https://openalex.org/W4415751836,https://openalex.org/W3182540222
https://openalex.org/W4415751836,https://openalex.org/W3208018930
https://openalex.org/W4415751836,https://openalex.org/W4386890650
https://openalex.org/W4415751836,https://openalex.org/W4388630955
https://openalex.org/W4415751836,https://openalex.org/W4406846212
https://openalex.org/W4392344868,https://openalex.org/W3196796375
https://openalex.org/W4287730306,https://openalex.org/W3122018879
https://openalex.org/W4287730306,https://openalex.org/W3155806984
https://openalex.org/W4407254527,https://openalex.org/W3127920890
https://openalex.org/W4407254527,https://openalex.org/W3141445395
https://openalex.org/W4391774531,https://openalex.org/W4206587426
https://openalex.org/W4388698405,https://openalex.org/W2963002078
https://openalex.org/W4388698405,https://openalex.org/W3086216746
https://openalex.org/W4388698405,https://openalex.org/W4214929307
https://openalex.org/W4406360287,https://openalex.org/W3124242578
https://openalex.org/W4406360287,https://openalex.org/W3167273253
https://openalex.org/W4406360287,https://openalex.org/W3208957374
https://openalex.org/W4292265649,https://openalex.org/W3136908109
https://openalex.org/W4415295841,https://openalex.org/W4400240369
https://openalex.org/W4415295841,https://openalex.org/W4409455278
https://openalex.org/W4387934288,https://openalex.org/W3203793663
https://openalex.org/W4407074363,https://openalex.org/W4200226190
https://openalex.org/W4407074363,https://openalex.org/W4365450279
https://openalex.org/W4407074363,https://openalex.org/W4395118114
https://openalex.org/W4408919391,https://openalex.org/W3151151827
https://openalex.org/W4408919391,https://openalex.org/W3165060406
https://openalex.org/W4408919391,https://openalex.org/W4312178370
https://openalex.org/W4318827142,https://openalex.org/W3154775884
https://openalex.org/W4417199337,https://openalex.org/W4378194764
https://openalex.org/W4392292932,https://openalex.org/W4213252554
https://openalex.org/W4415344862,https://openalex.org/W4408799551
https://openalex.org/W4415344862,https://openalex.org/W4319730355
https://openalex.org/W4415344862,https://openalex.org/W4319729410
https://openalex.org/W4282837196,https://openalex.org/W3130366085
https://openalex.org/W4282837196,https://openalex.org/W3172845662
https://openalex.org/W4282837196,https://openalex.org/W3188366922
https://openalex.org/W4282837196,https://openalex.org/W4280532161
https://openalex.org/W4408113566,https://openalex.org/W3180308285
https://openalex.org/W4408113566,https://openalex.org/W4205111263
https://openalex.org/W4408113566,https://openalex.org/W4308565209
https://openalex.org/W4408113566,https://openalex.org/W4401053980
https://openalex.org/W4398151986,https://openalex.org/W4365795551
https://openalex.org/W4391150873,https://openalex.org/W4380876077
https://openalex.org/W4362624705,https://openalex.org/W3136533732
https://openalex.org/W4362624705,https://openalex.org/W3162050719
https://openalex.org/W4362624705,https://openalex.org/W4200150967
https://openalex.org/W4362624705,https://openalex.org/W4318999333
https://openalex.org/W7172328291,https://openalex.org/W4403273545
https://openalex.org/W4402580198,https://openalex.org/W3174118395
https://openalex.org/W4402580198,https://openalex.org/W4280527003
https://openalex.org/W4324299226,https://openalex.org/W2963002078
https://openalex.org/W3204892623,https://openalex.org/W4398967698
https://openalex.org/W4316020913,https://openalex.org/W4316020913
https://openalex.org/W3156673937,https://openalex.org/W3112618968
https://openalex.org/W3156673937,https://openalex.org/W3139319730
https://openalex.org/W4220684961,https://openalex.org/W3162422109
https://openalex.org/W4220684961,https://openalex.org/W3204013324
https://openalex.org/W4220684961,https://openalex.org/W4226317960
https://openalex.org/W4402364500,https://openalex.org/W3151676492
https://openalex.org/W4402364500,https://openalex.org/W4292977281
https://openalex.org/W7162103184,https://openalex.org/W4402687797
https://openalex.org/W4403302962,https://openalex.org/W3157614634
https://openalex.org/W4403302962,https://openalex.org/W3200809090
https://openalex.org/W4403302962,https://openalex.org/W4386530848
https://openalex.org/W4281256889,https://openalex.org/W3123063598
https://openalex.org/W4281256889,https://openalex.org/W3130114594
https://openalex.org/W7167075308,https://openalex.org/W4408528606
https://openalex.org/W4415821917,https://openalex.org/W4320059739
https://openalex.org/W4415821917,https://openalex.org/W4389666668
https://openalex.org/W4415821917,https://openalex.org/W4394995248
https://openalex.org/W7202262750,https://openalex.org/W4285048842
https://openalex.org/W7202262750,https://openalex.org/W4312198703
https://openalex.org/W7202262750,https://openalex.org/W4387427324
https://openalex.org/W7202262750,https://openalex.org/W4392123970
https://openalex.org/W7202262750,https://openalex.org/W4393859485
https://openalex.org/W7202262750,https://openalex.org/W4410464749
https://openalex.org/W4401711458,https://openalex.org/W4324059077
https://openalex.org/W4409154175,https://openalex.org/W3108723356
https://openalex.org/W4409154175,https://openalex.org/W4384931599
https://openalex.org/W4409154175,https://openalex.org/W4385858140
https://openalex.org/W4409154175,https://openalex.org/W4391988510
https://openalex.org/W4409154175,https://openalex.org/W4404378610
https://openalex.org/W7118430801,https://openalex.org/W4387884238
https://openalex.org/W4396894719,https://openalex.org/W4380422237
https://openalex.org/W4396894719,https://openalex.org/W4391603945
https://openalex.org/W4390150932,https://openalex.org/W3179709780
https://openalex.org/W4226017481,https://openalex.org/W3036104060
https://openalex.org/W4213428903,https://openalex.org/W3209730426
https://openalex.org/W4283396386,https://openalex.org/W3199202305
https://openalex.org/W4283396386,https://openalex.org/W3206812573
https://openalex.org/W4404555542,https://openalex.org/W4382681453
https://openalex.org/W4404199254,https://openalex.org/W4390751351
https://openalex.org/W4404199254,https://openalex.org/W4401792166
https://openalex.org/W4367044528,https://openalex.org/W3126627207
https://openalex.org/W4367044528,https://openalex.org/W3136002517
https://openalex.org/W4367044528,https://openalex.org/W3147055522
https://openalex.org/W4367044528,https://openalex.org/W3164892751
https://openalex.org/W4367044528,https://openalex.org/W3197848201
https://openalex.org/W4367044528,https://openalex.org/W3200021964
https://openalex.org/W4367044528,https://openalex.org/W4210364767
https://openalex.org/W4367044528,https://openalex.org/W4307171451
https://openalex.org/W4367044528,https://openalex.org/W4312094454
https://openalex.org/W4367044528,https://openalex.org/W4313325369
https://openalex.org/W4414324961,https://openalex.org/W4297093581
https://openalex.org/W4414324961,https://openalex.org/W4387396237
https://openalex.org/W4312007130,https://openalex.org/W3191402931
https://openalex.org/W4312007130,https://openalex.org/W3201244245
https://openalex.org/W4413226905,https://openalex.org/W4396946832
https://openalex.org/W4392198947,https://openalex.org/W4220830056
https://openalex.org/W4409922583,https://openalex.org/W3211570432
https://openalex.org/W4409922583,https://openalex.org/W4212947648
https://openalex.org/W4409922583,https://openalex.org/W4311086240
https://openalex.org/W4409922583,https://openalex.org/W4366605716
https://openalex.org/W4409922583,https://openalex.org/W4391340910
https://openalex.org/W4409922583,https://openalex.org/W4399970858
https://openalex.org/W4409922583,https://openalex.org/W4400884047
https://openalex.org/W4409922583,https://openalex.org/W4408598764
https://openalex.org/W4221073190,https://openalex.org/W4210739501
https://openalex.org/W4407985248,https://openalex.org/W4391603945
https://openalex.org/W4407985248,https://openalex.org/W4401858468
https://openalex.org/W4407985248,https://openalex.org/W4402110527
https://openalex.org/W4394814151,https://openalex.org/W3156823378
https://openalex.org/W4394814151,https://openalex.org/W4200047907
https://openalex.org/W4394814151,https://openalex.org/W4200129045
https://openalex.org/W4394814151,https://openalex.org/W4313366978
https://openalex.org/W4394814151,https://openalex.org/W4387900153
https://openalex.org/W4394814151,https://openalex.org/W4394814151
https://openalex.org/W7203923528,https://openalex.org/W4404790179
https://openalex.org/W7203923528,https://openalex.org/W7172484108
https://openalex.org/W4360950944,https://openalex.org/W3138990775
https://openalex.org/W4360950944,https://openalex.org/W4283015625
https://openalex.org/W4317693652,https://openalex.org/W4317693652
https://openalex.org/W4414818906,https://openalex.org/W4394905311
https://openalex.org/W4407025706,https://openalex.org/W4406822167
https://openalex.org/W4387443097,https://openalex.org/W3126627207
https://openalex.org/W4387443097,https://openalex.org/W3126770590
https://openalex.org/W4387443097,https://openalex.org/W3174932466
https://openalex.org/W4387443097,https://openalex.org/W3197848201
https://openalex.org/W4387443097,https://openalex.org/W4283793747
https://openalex.org/W4387443097,https://openalex.org/W4284958937
https://openalex.org/W4387443097,https://openalex.org/W4298126387
https://openalex.org/W4387443097,https://openalex.org/W4311305880
https://openalex.org/W4387443097,https://openalex.org/W4321350407
https://openalex.org/W4387443097,https://openalex.org/W4367044528
https://openalex.org/W4412871953,https://openalex.org/W4412494737
https://openalex.org/W4285083710,https://openalex.org/W3120013091
https://openalex.org/W4285083710,https://openalex.org/W4226065841
https://openalex.org/W4298326802,https://openalex.org/W3157698770
https://openalex.org/W4298326802,https://openalex.org/W3201238815
https://openalex.org/W4298326802,https://openalex.org/W4207059806
https://openalex.org/W4298326802,https://openalex.org/W4210364767
https://openalex.org/W4413225083,https://openalex.org/W4399488953
https://openalex.org/W4406846212,https://openalex.org/W3119224404
https://openalex.org/W4406846212,https://openalex.org/W4385192075
https://openalex.org/W4406846212,https://openalex.org/W4386890650
https://openalex.org/W4284965177,https://openalex.org/W3195259184
https://openalex.org/W4284965177,https://openalex.org/W4210283683
https://openalex.org/W4284965177,https://openalex.org/W4388882892
https://openalex.org/W4386218137,https://openalex.org/W3160042961
https://openalex.org/W4386218137,https://openalex.org/W4213210769
https://openalex.org/W4386218137,https://openalex.org/W4293569082
https://openalex.org/W4386218137,https://openalex.org/W4310110547
https://openalex.org/W4386218137,https://openalex.org/W4324129379
https://openalex.org/W4386218137,https://openalex.org/W4385568859
https://openalex.org/W7161136092,https://openalex.org/W4391026758
https://openalex.org/W7162079319,https://openalex.org/W3181735153
https://openalex.org/W7162079319,https://openalex.org/W4205737363
https://openalex.org/W7162079319,https://openalex.org/W4286491651
https://openalex.org/W7162079319,https://openalex.org/W7115016907
https://openalex.org/W4281492949,https://openalex.org/W3184282524
https://openalex.org/W4390532444,https://openalex.org/W4226456618
https://openalex.org/W4390532444,https://openalex.org/W4321780060
https://openalex.org/W4390532444,https://openalex.org/W4381162728
https://openalex.org/W4406260352,https://openalex.org/W4392506286
https://openalex.org/W4413597308,https://openalex.org/W4313678788
https://openalex.org/W4319302260,https://openalex.org/W3128110586
https://openalex.org/W4319302260,https://openalex.org/W4200528306
https://openalex.org/W4382238470,https://openalex.org/W2979683916
https://openalex.org/W4382238470,https://openalex.org/W3118259108
https://openalex.org/W4382238470,https://openalex.org/W4226283940
https://openalex.org/W4415824020,https://openalex.org/W3171954900
https://openalex.org/W4415824020,https://openalex.org/W4408845520
https://openalex.org/W3202490030,https://openalex.org/W3125846622
https://openalex.org/W7138982869,https://openalex.org/W4394905311
https://openalex.org/W7164228355,https://openalex.org/W4366977908
https://openalex.org/W7164228355,https://openalex.org/W4386070942
https://openalex.org/W7164228355,https://openalex.org/W4415353556
https://openalex.org/W7164228355,https://openalex.org/W7131865146
https://openalex.org/W4410540635,https://openalex.org/W3164661615
https://openalex.org/W4410540635,https://openalex.org/W4224241728
https://openalex.org/W4410540635,https://openalex.org/W4381309868
https://openalex.org/W4410540635,https://openalex.org/W4385264584
https://openalex.org/W4410540635,https://openalex.org/W4385898289
https://openalex.org/W4410540635,https://openalex.org/W4403301757
https://openalex.org/W4410540635,https://openalex.org/W4408884599
https://openalex.org/W4405638383,https://openalex.org/W2963002078
https://openalex.org/W4405638383,https://openalex.org/W4392111378
https://openalex.org/W4283034406,https://openalex.org/W3126192021
https://openalex.org/W4293101993,https://openalex.org/W3183329356
https://openalex.org/W4307125471,https://openalex.org/W3129711800
https://openalex.org/W4307125471,https://openalex.org/W3169530204
https://openalex.org/W4307125471,https://openalex.org/W3184968032
https://openalex.org/W4307125471,https://openalex.org/W3200021964
https://openalex.org/W4307125471,https://openalex.org/W4224871336
https://openalex.org/W4375865573,https://openalex.org/W3108723356
https://openalex.org/W4375865573,https://openalex.org/W4372302764
https://openalex.org/W3157770066,https://openalex.org/W3135640544
https://openalex.org/W3157770066,https://openalex.org/W3176323679
https://openalex.org/W4414325488,https://openalex.org/W4402688775
https://openalex.org/W4402847083,https://openalex.org/W3181388921
https://openalex.org/W4402847083,https://openalex.org/W4200080921
https://openalex.org/W4402847083,https://openalex.org/W4318262978
https://openalex.org/W4402847083,https://openalex.org/W4379162357
https://openalex.org/W4402847083,https://openalex.org/W4384664063
https://openalex.org/W4402847083,https://openalex.org/W4401872975
https://openalex.org/W4224557616,https://openalex.org/W4213381492
https://openalex.org/W4407970012,https://openalex.org/W3186181768
https://openalex.org/W4401448611,https://openalex.org/W4283033107
https://openalex.org/W4220700548,https://openalex.org/W3215102050
https://openalex.org/W7117713402,https://openalex.org/W4399095985
https://openalex.org/W7117713402,https://openalex.org/W4400655713
https://openalex.org/W4200241157,https://openalex.org/W3127288993
https://openalex.org/W4410230413,https://openalex.org/W3210367424
https://openalex.org/W4410230413,https://openalex.org/W4366351954
https://openalex.org/W4393973765,https://openalex.org/W3121709350
https://openalex.org/W4393973765,https://openalex.org/W3155806984
https://openalex.org/W4393973765,https://openalex.org/W3156446579
https://openalex.org/W4393973765,https://openalex.org/W4223438099
https://openalex.org/W4390492651,https://openalex.org/W3126074238
https://openalex.org/W4411627707,https://openalex.org/W3161010337
https://openalex.org/W4411627707,https://openalex.org/W4404458944
https://openalex.org/W4391538676,https://openalex.org/W4327734991
https://openalex.org/W4380422237,https://openalex.org/W4210881256
https://openalex.org/W4412399546,https://openalex.org/W3110382623
https://openalex.org/W4412399546,https://openalex.org/W3183210997
https://openalex.org/W4412399546,https://openalex.org/W3214229048
https://openalex.org/W4412399546,https://openalex.org/W4379768780
https://openalex.org/W4412399546,https://openalex.org/W4385294870
https://openalex.org/W4412399546,https://openalex.org/W4385620152
https://openalex.org/W4412399546,https://openalex.org/W4387526240
https://openalex.org/W4412399546,https://openalex.org/W4389607182
https://openalex.org/W4412399546,https://openalex.org/W4401104226
https://openalex.org/W4412399546,https://openalex.org/W4401520389
https://openalex.org/W4412399546,https://openalex.org/W4407968045
https://openalex.org/W4412399546,https://openalex.org/W4411662306
https://openalex.org/W4282928318,https://openalex.org/W3178664441
https://openalex.org/W4282928318,https://openalex.org/W3193451618
https://openalex.org/W7161850356,https://openalex.org/W4389799322
https://openalex.org/W3190301232,https://openalex.org/W3112618968
https://openalex.org/W3190301232,https://openalex.org/W3135045610
https://openalex.org/W4303199843,https://openalex.org/W3157791229
https://openalex.org/W4404099842,https://openalex.org/W4388894055
https://openalex.org/W4312873647,https://openalex.org/W4213252554
https://openalex.org/W4400279199,https://openalex.org/W3194936931
https://openalex.org/W4400279199,https://openalex.org/W3213578391
https://openalex.org/W4400279199,https://openalex.org/W4387871806
https://openalex.org/W4323921340,https://openalex.org/W3201520141
https://openalex.org/W4323921340,https://openalex.org/W4200017820
https://openalex.org/W4323921340,https://openalex.org/W4210479541
https://openalex.org/W4323921340,https://openalex.org/W4225134613
https://openalex.org/W4323921340,https://openalex.org/W4281632263
https://openalex.org/W4308896200,https://openalex.org/W4312052647
https://openalex.org/W4414347211,https://openalex.org/W4391774702
https://openalex.org/W7161793247,https://openalex.org/W4297217565
https://openalex.org/W4407078409,https://openalex.org/W3118196774
https://openalex.org/W4407078409,https://openalex.org/W3118875409
https://openalex.org/W4407078409,https://openalex.org/W3119664292
https://openalex.org/W4407078409,https://openalex.org/W3157065452
https://openalex.org/W4407078409,https://openalex.org/W3193223779
https://openalex.org/W4407078409,https://openalex.org/W3203428752
https://openalex.org/W4407078409,https://openalex.org/W4282007552
https://openalex.org/W4407078409,https://openalex.org/W4283750065
https://openalex.org/W4407078409,https://openalex.org/W4288368491
https://openalex.org/W4407078409,https://openalex.org/W4318052223
https://openalex.org/W4407078409,https://openalex.org/W4319336372
https://openalex.org/W4407078409,https://openalex.org/W4376225771
https://openalex.org/W4407078409,https://openalex.org/W4379107271
https://openalex.org/W4318819904,https://openalex.org/W3188446399
https://openalex.org/W4318819904,https://openalex.org/W4220863096
https://openalex.org/W4389084183,https://openalex.org/W4281781931
https://openalex.org/W4214909547,https://openalex.org/W3184856083
https://openalex.org/W4417351331,https://openalex.org/W3181388921
https://openalex.org/W4417351331,https://openalex.org/W4200080921
https://openalex.org/W4417351331,https://openalex.org/W4318262978
https://openalex.org/W4417351331,https://openalex.org/W4379162357
https://openalex.org/W4417351331,https://openalex.org/W4384664063
https://openalex.org/W4417351331,https://openalex.org/W4401872975
https://openalex.org/W4417351331,https://openalex.org/W4402847083
https://openalex.org/W7162757681,https://openalex.org/W4367394779
https://openalex.org/W3213760195,https://openalex.org/W3164530835
https://openalex.org/W4396918914,https://openalex.org/W4309651778
https://openalex.org/W4396918914,https://openalex.org/W4309651832
https://openalex.org/W4396918914,https://openalex.org/W4387848751
https://openalex.org/W4226379779,https://openalex.org/W2990187828
https://openalex.org/W4226379779,https://openalex.org/W3191420927
https://openalex.org/W4403647166,https://openalex.org/W4399238266
https://openalex.org/W4312067255,https://openalex.org/W4312067255
https://openalex.org/W4285726627,https://openalex.org/W3133092534
https://openalex.org/W4399922785,https://openalex.org/W4302763327
https://openalex.org/W4414309228,https://openalex.org/W4401211033
https://openalex.org/W4402313288,https://openalex.org/W4285388886
https://openalex.org/W4402313288,https://openalex.org/W4309187314
https://openalex.org/W4402313288,https://openalex.org/W4385264107
https://openalex.org/W4390898280,https://openalex.org/W4384108682
https://openalex.org/W4396535259,https://openalex.org/W4386204334
https://openalex.org/W4415146532,https://openalex.org/W4400523845
https://openalex.org/W7141815178,https://openalex.org/W3129426031
https://openalex.org/W7141815178,https://openalex.org/W4309244557
https://openalex.org/W7141815178,https://openalex.org/W4372214840
https://openalex.org/W7141815178,https://openalex.org/W4391464187
https://openalex.org/W7141815178,https://openalex.org/W4403965451
https://openalex.org/W7212136126,https://openalex.org/W4367049087
https://openalex.org/W4226406919,https://openalex.org/W3127676697
https://openalex.org/W4399355945,https://openalex.org/W4366407490
https://openalex.org/W7127642584,https://openalex.org/W4403123413
https://openalex.org/W7127294464,https://openalex.org/W4295066316
https://openalex.org/W7207756859,https://openalex.org/W7150221674
https://openalex.org/W4405920518,https://openalex.org/W4387871806
https://openalex.org/W4405920518,https://openalex.org/W4400279199
https://openalex.org/W4402642234,https://openalex.org/W4213126820
https://openalex.org/W4402642234,https://openalex.org/W4214887011
https://openalex.org/W4402642234,https://openalex.org/W4280642850
https://openalex.org/W4402642234,https://openalex.org/W4281711890
https://openalex.org/W4402642234,https://openalex.org/W4289667180
https://openalex.org/W3211871934,https://openalex.org/W3112618968
https://openalex.org/W7165915458,https://openalex.org/W3128520512
https://openalex.org/W7165915458,https://openalex.org/W3217405928
https://openalex.org/W4390980019,https://openalex.org/W4317762145
https://openalex.org/W4409002678,https://openalex.org/W3206318277
https://openalex.org/W4409002678,https://openalex.org/W4394750156
https://openalex.org/W4409002678,https://openalex.org/W4406968264
https://openalex.org/W7168040520,https://openalex.org/W3137011944
https://openalex.org/W7168040520,https://openalex.org/W4224294769
https://openalex.org/W7168040520,https://openalex.org/W4386694050
https://openalex.org/W7168040520,https://openalex.org/W4408866252
https://openalex.org/W3175335468,https://openalex.org/W3175335468
https://openalex.org/W4389435296,https://openalex.org/W3123337881
https://openalex.org/W4389435296,https://openalex.org/W3213976245
https://openalex.org/W4389435296,https://openalex.org/W4388282063
https://openalex.org/W4392096614,https://openalex.org/W4411482995
https://openalex.org/W4406741733,https://openalex.org/W4311108326
https://openalex.org/W4406741733,https://openalex.org/W4319461532
https://openalex.org/W3179029228,https://openalex.org/W3179029228
https://openalex.org/W4311962894,https://openalex.org/W4221019370
https://openalex.org/W4311962894,https://openalex.org/W4226322736
https://openalex.org/W4281706200,https://openalex.org/W3167273253
https://openalex.org/W4281706200,https://openalex.org/W3199284718
https://openalex.org/W4281706200,https://openalex.org/W4206981424
https://openalex.org/W4403603305,https://openalex.org/W2963002078
https://openalex.org/W4403603305,https://openalex.org/W3112618968
https://openalex.org/W4403603305,https://openalex.org/W3131624221
https://openalex.org/W4403603305,https://openalex.org/W3178960719
https://openalex.org/W4403603305,https://openalex.org/W4221161568
https://openalex.org/W4403603305,https://openalex.org/W4383620425
https://openalex.org/W4409163296,https://openalex.org/W4394905311
https://openalex.org/W4409645854,https://openalex.org/W4206416344
https://openalex.org/W4409645854,https://openalex.org/W4293574888
https://openalex.org/W4409645854,https://openalex.org/W4300863670
https://openalex.org/W4409645854,https://openalex.org/W4319592726
https://openalex.org/W4409645854,https://openalex.org/W4365509636
https://openalex.org/W4409645854,https://openalex.org/W4389434546
https://openalex.org/W4409645854,https://openalex.org/W4391810954
https://openalex.org/W4409645854,https://openalex.org/W4401718945
https://openalex.org/W4409645854,https://openalex.org/W4404465383
https://openalex.org/W4409645854,https://openalex.org/W4406759197
https://openalex.org/W4409645854,https://openalex.org/W4407472544
https://openalex.org/W4409645854,https://openalex.org/W4407561200
https://openalex.org/W4409645854,https://openalex.org/W4407697225
https://openalex.org/W7202124340,https://openalex.org/W4289518974
https://openalex.org/W7202124340,https://openalex.org/W4399104125
https://openalex.org/W7202124340,https://openalex.org/W4410861896
https://openalex.org/W7202124340,https://openalex.org/W4412834755
https://openalex.org/W7140419403,https://openalex.org/W4224257799
https://openalex.org/W7140419403,https://openalex.org/W4283021716
https://openalex.org/W7140419403,https://openalex.org/W4414928171
https://openalex.org/W4400913718,https://openalex.org/W4389393067
https://openalex.org/W4400913718,https://openalex.org/W4399525463
https://openalex.org/W4409099028,https://openalex.org/W3120784776
https://openalex.org/W4409099028,https://openalex.org/W4312645560
https://openalex.org/W4409099028,https://openalex.org/W4388901662
https://openalex.org/W4409099028,https://openalex.org/W4399807512
https://openalex.org/W4409099028,https://openalex.org/W4401211655
https://openalex.org/W4387564611,https://openalex.org/W3112618968
https://openalex.org/W4400002663,https://openalex.org/W3193204642
https://openalex.org/W4400002663,https://openalex.org/W4311288749
https://openalex.org/W4400002663,https://openalex.org/W4387353086
https://openalex.org/W4400002663,https://openalex.org/W4396586720
https://openalex.org/W4376135201,https://openalex.org/W4225388874
https://openalex.org/W4313680195,https://openalex.org/W4388108488
https://openalex.org/W3126276382,https://openalex.org/W3087962370
https://openalex.org/W4401104226,https://openalex.org/W3183210997
https://openalex.org/W4401104226,https://openalex.org/W4395042291
https://openalex.org/W4206122913,https://openalex.org/W4205880340
https://openalex.org/W4409141122,https://openalex.org/W3135682221
https://openalex.org/W4220908443,https://openalex.org/W3173747224
https://openalex.org/W4401196738,https://openalex.org/W3120784776
https://openalex.org/W4401196738,https://openalex.org/W3135010812
https://openalex.org/W4401196738,https://openalex.org/W3193854025
https://openalex.org/W4401196738,https://openalex.org/W4210731194
https://openalex.org/W4401196738,https://openalex.org/W4213289503
https://openalex.org/W4401196738,https://openalex.org/W4379259674
https://openalex.org/W4387118825,https://openalex.org/W4317568996
https://openalex.org/W4224999681,https://openalex.org/W4379375171
https://openalex.org/W7170276424,https://openalex.org/W4417442643
https://openalex.org/W7170276424,https://openalex.org/W7138904434
https://openalex.org/W7170276424,https://openalex.org/W7161641866
https://openalex.org/W4411401123,https://openalex.org/W4283033107
https://openalex.org/W4285731767,https://openalex.org/W3169454482
https://openalex.org/W4224442847,https://openalex.org/W3187769763
https://openalex.org/W4224442847,https://openalex.org/W4210857417
https://openalex.org/W4224442847,https://openalex.org/W4210935844
https://openalex.org/W4224442847,https://openalex.org/W4220893757
https://openalex.org/W4224442847,https://openalex.org/W4224442847
https://openalex.org/W4224442847,https://openalex.org/W4391514345
https://openalex.org/W7204443452,https://openalex.org/W4406518955
https://openalex.org/W7204443452,https://openalex.org/W4417437779
https://openalex.org/W7204443452,https://openalex.org/W7163353956
https://openalex.org/W4381244879,https://openalex.org/W3160643592
https://openalex.org/W4381244879,https://openalex.org/W3203428752
https://openalex.org/W4381244879,https://openalex.org/W4220863096
https://openalex.org/W7168137597,https://openalex.org/W4376619026
https://openalex.org/W3174104461,https://openalex.org/W3119804683
https://openalex.org/W4310794463,https://openalex.org/W3122438894
https://openalex.org/W7133202137,https://openalex.org/W3198140049
https://openalex.org/W4280571636,https://openalex.org/W4280571636
